..4...7.........6....8..243.4796....1..2.3.9.2....8....2.67.8....6...17..3....9..,
51.......2.......4..7..58......4...7..8...51.6.1.....27.6....2...41.6....5.....3.,
.2..647....13.........1.89.7.21......3.........9...62....2...41..8...96.9.3.....8,
2....9.4..64.8.2...8....7...2.5...9....8...6.9.56..47...7......59...7..33.2......,
23.1..8....5.98......3....4...429....4..1.3.5......7......87.1..5....9..3..9...2.,
.8.3...617.4........9.28..742.........6...9......7....2...6..4..9...3.2.....8231.,
...3724...89..42......8...59...4..285....3......527......2.87.3......864.6.....5.,
.....62.98.5..........348......4.7..9.86...2....9.3..5........2..2....86.3..5.4..,
......27...3.1.86...5..81.42..8.....61...2....4....3...82.5.......1...8..5.6...3.,
......5....5.4.6......6..3.8315...4.6..37.25............3..1.6.5....682...7...1.5,
6....8.....8.2..7.......43..65........2...1......1.64253...4....1....38.7....6..5,
7..........1..4.....6851.4..57948....8....1.4.9.3.......5............7..3..7..68.,
1.4.8...62...........2..1..5...47...8..3....7..71...654.......3...53.8.2..3.746..,
.....8....61...5..3......764..2...35.7.4..6...3.....1...8.6.25.7..........2.4.7.1,
.......91.425....7...2.345....85..3..9.......4...3.7.9.8.7.......9..15...75......,
.7..614.....2.4.....3......4........6..38...9....29..882..1.....17..8.269........,
....7....6.3.51.9.7..8....314......5..758...1....9..863...16......9...78.......3.,
7.6....9.3..7..8.6....4......918..2...3.9......74.2..36.2....7........84.9.....3.,
9...1...6..........37..5..17.4.6.8.3..83.7..5.53..4...........96...........198...,
5..........2.....1.....8.27.8714......32.....1...8...6....75..2.3.....1.4..6..38.,
...3..4.2..2......15.7..9..4......3....51......8....473.........7.9.5..392...1...,
.2..6..1.5.7.3.2..4..9.2........6..........64..1......6.54..1....3..97..1..5...3.,
3.....94...1.5.....8.4.1........2.......4...3...135....3...94...28.63.9.65.2...8.,
....4.3..2..1....6......8....679..4.83..6..9..1..8..2....3.....18.42.....92.....4,
..3..59......86..........3....4.......9.1....152.6.8...1..9.2..4....168..8.....53,
...29..6...63...4.23...4.....86...549...58...1.....62..19....8.84......3........9,
1...7.6....324.....8.1..3.9..8....747.......1.4..2.....3.98....2..4..1.8..6......,
81.7....99..4...8..26..1.7...4...7.....1...9..8....12.....9.5.6.5.......6...2....,
51........49..........39.....27....6..4..5.9.75...4...1..6....9.7.5..6..2...4...3,
5..18..2.8.....5...3..7..6.......67......9.......6.1......2.8977.6.1.2..9.2.5.3..,
.....5..14...3.....5....2.3.2.....8.3.69.....9......1..4.....9...98.15.28..4..6..,
..26...9......3..1.......271..83...297.1...3....9........37.6....4.6.1..........4,
..........9.....65..1.....8.1...8.2..8.2..9..5.63....4.6.5.1..98....63....4.2...6,
2....19..7......2.3.8.....5....652.1.....8679.....3......8.7..2.5.....9.62..3.7..,
5.....42.83.4..6..49.52.3.8....8........7..42.......69.6....98..4...92.7...8.....,
.3...1...............8...9.65....1...4..697..7....56.3.183.4.7.9...7...4......3.5,
6....3.87...18.962.8.9..3.....2....6....1.72.....37...9...4.6.3...8....9..7..2.1.,
7.1.8.........2.3.9.4.6.1......46......3.7.84.......1...3......8.7.39...4......27,
.8.4...7....8.........7....3......51.785....6..2.3.7.4...3....55.174.26.46.2.....,
.9.71..6......61....19...254............5..729..2..........2.8...76......56..4.9.,
..1........4.9..6...8.45.....64.821.....6.54.........3......3.934.....2.6.2..9...,
9.8..4..1..51...8..2...83.94...2.6.....3.....89.....32...5.92........9.6.4.....13,
.672.4.....9.6..233..7..6.....34.................5..19.1....93...3...2.672.5...41,
9.......3.....89...8......4.6.97......9.6387.1...4..5......1...31...45...57.9....,
...8.61.5..5.....3...3.9....53.1........72.....8...29....6.5...96.........2..13..,
8..3.9...216..4..9...1..4.69...4.6.5..4....9...52.8..31.........9....8.4.....2...,
..4.257.9.7.8.93....6......29.3.....7.....534...6....2.....7...3..2..69.......2..,
9...1...4.3.9....1..5...8.9.....45.....87....7..3.94.....18.....54..2..38.97.....,
.7.....3......14......5..79....8972....4..3.5.1.....9......2...9.38..1......1.257,
..7...1..9.6.2.......9.4..7...645...1.2..7...5...1..96......9.4...8..51......6..2,
234......5.......3.1...8......8......4..5.8.9......1754.7...9...2.1..7...987...2.,
...9.683....3.......1......8...4..9....7..5....5..1463...4..18...3....7....589..6,
.........1....83.2..62..8.4...8.2....3.7..54.4.7.63.........678.7........48...1.3,
2...3......9.6..34.6.21.8.9.......51......3...5.....92...94.5.89......2...81.5..3,
1...45..39..12..5.5..3..6.........6...5......3..49....61.9...3...4.5..1...36...47,
.27..91...5...386.....2....9.......57.36..2..1..7.........8..36.......296........,
.........1.85...9.35..17....6.7..5.1.4..3.......68593.93..41.....5......4..8.....,
.2.....6...32.6...45.37.1...85.......3..8..54.....2.8.....1....61.8...........7.1,
.8.2..4..7...8......5...6....37.124..6.......52....1.....6..314..41...7.6...3.8..,
...4.2..1....71..............43..6..61.7...237...4..8...8..5....3..1...856..3..42,
.42.6...587.....6...5.8..14.3.....2821.4..7.............1.23...7...4.1....3....42,
65.7..8424.....7..9..2.....7.5.6.....1..79....4.12....12798..5..8....2..5........,
...8.5.94...792586.......3...3......79..5..6.2..6.............3...54..7.....68.49,
...1...567.9........8..4..2...9.5.4....71.265...6.879......95.....8......42...8..,
..39..68..2.4.......7....393...2...5.9..852...6...38..........48...5....2....95..,
5.2...74.3..5...2.1..3.2.5..6...7...4..6...85..5.3...1........26...43........6..4,
.18..........25...2.5.8..1......13..97.3..8.....7..4.5....3...2.5.......8..49...3,
...29......46....5...7..926.6..7.5..9.84.1...57...6.9......96.2......874.......1.,
.5....7..9..4....64..6......1..8.....287.6..4.6.....2......8....7.9..1....25.187.,
.4...8....6.5.....9.5..3.8.......7..287.....43..9..26..98....5........7..3..4.9..,
.5...48.76....941..8..7.29...2.5.1..8..6.2.4...6.4......19..5.......8.2......5...,
5..9....4........938...6.......18.....6.9.8.......5.23.9.....3.4.2.5....613...9..,
..3....1..1....5..............45.7..537....6..2..1..3..5.19.6..7..6.4...9..3...4.,
...9...35.........418....7.25........4..97..29.321..5.1.7354.......2.....3.7.....,
175..4....34..5............6...........3....57.2.6.....2..3.1.6..6.91.575..2...94,
.....9...8..2.....7..3...2.3.8..1.5...5.7429.....5....9..4..8......1..45.2.....37,
..2.8.93.......64...1....28.8.3.....4.....1..179....6..38.6.4..2..7.......4.....9,
..9.....48.59..........8..1...3...2....4..819......7....8....3..17583.9..927.4...,
....7.25......8....5.2.......1.4...7.9..16.....6.5..4.....6.....2...5..9..9...674,
.14......5...26...8.......7...4..9..6.2.....4.7.....827......952.8.4...6...8.....,
.9..314.7...79...87..8...32............4....3.2..8...1.71....8...39..1..8.6.74...,
2....1..5............8......182......2.3...9.4..9....717...92.8.3...7.54...1.53..,
.........97...5...38476....4.25.3.8......4.9..638......49..2..85........62..48.5.,
3..7.8..175..3........5......1...3.8..78......6.....9.......13.5...94.7......5..6,
.7..16.9..1.7..5.....5.....1..34.9...3...5.4.9..1....26..2.7.........4...296.....,
.49.7.5.8.8.5...6.6........47..........35.....1..9...4.....7.8.85..19......4..6..,
....2.7.8.7..534..3..6...2.5...7...6...4..1.7..6.......5......2281.3..5..........,
.7...5...43......88....6.1.72.6.4......8..........3.4.1.....5.7......4.365..7.8..,
..4....3......57.4..7.9.....3.8.9.6...6....4....7..5.8.....6.9......4.....9.5.62.,
5..93...88.....6....36..9....8.9.37..2...4.8..4.3...6...987......4......6..2.....,
......5......2..64...69...78.6..........5.....54.7.32.9....28..3.256.......7...46,
.......48.7.9.....9..2...5328.3...1...17.......9.8.5.4.2....485.4............2...,
.....36.8.6..7..4.1.3.4.2......2........98.1..36...7.....1...34..1..2...7..9.....,
....964.1.41..89.363......7.1...96..2..74.....7....1...6....2.8.28...7...........,
..4..1972..1.....3.2.7..6..2.795.....3.4...9.59...6.........1.........4....13.72.,
72....4....6.....789.1...6.4....762...9......21.8...........8.6.8....7..172..8.93,
...3.69..5...8.6.....2...4....9.37644.....5....3..7......4.5..76.....8......7..9.,
56....9.87..96...2.....847...9.4.....5.......1.8.......2..741...15.2....4.7.9....,
3.42...........1..........5.......5..62.9.....9.4..7.16..5...4.5.7.263.9..9.....7,
1......6.....2.74..24...1.....41...9.1..8...6.6.9.3..4....9..........923...248...,
....1...5....9.1.......54.......19......28..67......52....7......7.425.94.658...7,
...4...7...3.......5.2.34..1.4..7.9.67....2.55...9..6.7..924..........4.....5....,
....5...2.....1.4....4..5.8..7.94.13...8...25.....7..4..214.....1..7..9...5..3...,
.6...4.1...3.2..6.1.4.8.7..7...4.5..4..3...86..5..61..6....2..5.....5..3.........,
...6.......314.7..12.83.6.........4....35....7........85..26..1.....1..4..1....85,
.38...64.9..2...18.1..3.92.....4.............62.....3.3...67.8.1.93.82..7...2..6.,
...8..4....6..9.............8........3.....25..76438....8.375...4....2.9.7..2...3,
..27..9.3...4..........1...8....97.5....2..8.......4...1.98...7.4.5..328..7..2.4.,
...1.5.6..6.7..3.......8....3.6...7.4..8.1....1534..8....5.....68.47..1...1..624.,
..4.72..1.7..5.36........5.6825...................3....652.4..83....84...4....7..,
.89....73..7.36.8......8......8.3.24.....5..7...24.53.....9....7.3.5....6....2.45,
6..5....21...6...4.234.....5..2...7.........8274..3.....6.3....3....16.....85....,
5...1..8.8...43......5.6.31..1.9.....8...4..2.....81....3...4..9.2....6....23.9..,
........1.4...723.5..2387.....1.....87.45....95..231.........7.4........3..57..2.,
........5.7.1.......9........12...63.5....49.24....1.....6.4.29.35.9..4....7...3.,
..8..1..4.52.9.8........5.7...42.....7.98.1...69.7.......2..4.9....1........5..7.,
...............4.1..4..23........8........1422.19.8.361....3....43.26..99.287....,
.5..3........8..1.1.......6..12....44........28....5...4...38.1.96.58.2...5......,
..9...2...2...4589......76.98.2....6..7...4.55..6...3..9..6.847.75..2.....6......,
.......3..9...4..73.....94....7..3.1..9.4..5.7.523.....7.......6...5.......19...6,
2...3.....6...7...48.....2......27........8.....4..6.9..89..4.1..9.8...3...2.3..7,
.2...47.1....3.......16..4354..19.2713....9.....67......3.......9....2....1......,
4.62.1.3.....65..8...78.2.......6......1..3.2....78.64.7..4....3..8..........275.,
.....9.1....7....6....1593856.....4.7.9...........1..7......5.....39.68...14.8.7.,
...482.9...6.9....21..7.........16....1.5.2.....64......57.8....4.5...1.8.2....7.,
5...1824......21.....6....8.7.1.5.......3.4..2.5.7.....6.....8.....26.3....4..52.,
...9....3.9...2.6.........5..7514...35...7.9.1...9.....36...4.1...7........241.7.,
..86....5...1..........9..15.381....1..2.7.5.982..........7......5..63..6....52..,
..8.4.3........62.1........5...1.2...8...7..4.2....7.1...2.6.37..2......65.378...,
8...7.6....36...829.1...3..4..9.7.1....1...9............94..7..3...9...6...2.34..,
..93......5..683...1.2..5.6.........28...1.7.5.17.2.938.......1136........7..6...,
.3......15..43.....2.6.5.4...825...4.....8.57...3...6.28.1......6.......4..8.3..2,
8.1..5.2332...46..6...1.58.5........4..5...1....1........6....4..38..75.....23...,
.......3....854..7.....3..2.8.....7.2..47.9......19..41.2..7.9.8...9..2...3...4.5,
......692.8.....5...........258.....9.64....3.3.96.52.4....8.7....3.7...5......6.,
..97.2..8.6......5.2..3...9.........7...4..6.83....4.2....54....4.3.......2.6.7..,
.29...1.5......23...5..4...6.2.4..5..3..........2..6..1....6..9....5.8.6.8.9..3.4,
.5.1...6.....23..427..9.1.....3..2................274......73.539..14.2...7..6.1.,
...5.61.2...28........1.89..5....96.4.7.9......2..8.5..6...7...24.9.....9..1..6..,
..7.9...54.......8..........1.24...7.7..5.4...8.3....22....95......2..39.3.5..7.1,
..95..62.54..7...3.....3.9..9.......6....7...7..6..5.8...25..4..........47..6....,
4..8.17..83...9.2...5..2.....8...1...4.7...8...7.......1...83.4.....5..1....3.8.5,
.....4...6.....9...27....3819.....6...8.6...4.......2.98......1...13...2.4..2...6,
.86........9...1...4.91.5.6.5......1.......3.....3........4..8....7....3.98..1.74,
98...6..2..5.1.9..6.19..8..4...6.1..1.3.......9.4..5.8.......4....25...........6.,
..438...7.3.2.7..62...54..9.........68....4.3......85...9....7.8...9..2...2.4....,
..74.8..36....1..25.23..7....3.5...8.76..2......64.3.....71..5..........1.......6,
.3..52.6.......8..7......1529.1.57......2...8......6...7......6....6..2.3.2..9.8.,
.........739..26...4.5.8....28..4.6......38.96...2..47..27.6...4......5.35.......,
.1.......3.8..64.9...435...5........4....91...8936....6...7.3....3.48.5..4.1.....,
...748...9.........45...6.8...9..7....146...2..9..5.........5.....289..78.7.164.9,
..4...5...952.....8.....3..4..8.2..1.1.9....4..........725...1..51.9...8.....3..9,
.86.2...1..569.3...1.....56.6..7..3.3.9....2.......9...28..7.6.....38...7........,
4....265.5.3.6.1.4...7......57...36.2...3...8.3....2...2..7........5....6.8..4...,
..329....8....42..5...3.68..6.5.1.2..85.4...64.......1......1.....9...54.........,
...7.....37......9..4.85.......4....5..1...3.12.5.9...7..4.2.81.......5.9....12..,
78...5..14....32.5...18......482..7...2.5.4.95..3..................9.328....3.7..,
....29.648..3.1.....6.4..7....6.3.17.71...2.6.3.......3..4....126....3..........8,
1.35....79...4.1...7...9.36.5......46.....7153..7.....761...48.8......7..3....5..,
..7.........7...4..92.4.5..4.36.57...........1....7326...29.4..62.15.............,
..5...943...749..5.2.....7..............5...2....76...1...6..2.5..4.3.16..4.15..7,
.6..1...57.1............7.6457..9..19.8....4.........3.96.8...7...3.51..57.......,
3.9..2....175.....2...8...1...7.....5...4.3.....1.8..7..49............18..5.23.79,
1....5.89.5..862....2..1.64..5..4...3.8.1.49....963..8.......4...9.5...1....2....,
1..7.4..........17.2.56..8...6...4..2...4.5.8.7.6.5...8...5.34.63...........8....,
...3..4..12..4.8....3..259.41.......9.....2............3.5.....8.9...13.26.1.398.,
....2...9...6....4.....8...54.3.91..1....4...8...1...34....5...6.2.3.8...398....2,
.........67.954..8..1..7...9..2.1..5.8..9.7......6.49.......5.71...4....8.5..6...,
7...1..5......872...49.......2........962....6..7.1....568...4.1.8..42...9..6..8.,
.8.6...3...3..1279....3.....7.8..9....1...52.6.9..23...3.........629.........5.8.,
...7.31.6.7.5.1.9....42.7.3.32..7........5...94.2.....326...9....9.....75....2...,
..71......3.8.95..4...5.....9....8...81..4.67...3.6......79...3........1..9.6....,
78......34..9...6...6....42.....5.......493.7......5.4.4..2....328.7..9..75.....8,
...84..7..6.7.2438....56.....8...249.24...78..9.........34......4....592.........,
...8...49...7.5....98......5.2....3....5....4...429.8.....8..727.36..5........3.6,
.2.51.9.8..4..............1..23.....7..9.4...8......9...82..1.54...8.7....5..7..3,
.....1...83.4.75.....28.....87..92.....3.5..........711....4.985...3......2....1.,
47.8..36..3....1....8.9..7.98.......14.7...............1.6.3.9832....4.......2..1,
.8.3...56......13....9..48.4...38...6...5..1.1....4......4.5....2..1....3.1.62...,
.....1..3.2....5..93..4.2...5.....383..8....1..249..............1.2..85.64..1....,
..1.8...5.35...76.4.85..2...1.3...5..........2....1.3...7...1......6....6.28.7...,
.9...43.2...9.....2....7...736.......48.1.67.1....9...3..4921..6..37..4..2.......,
.9...3....7......14...7..9.76...24.53.....6....5.4.1.7.2..5....6...2.3..........4,
9..73...1....594.3...4.2.87......8...71..4...5.29..3....7...1...43....2........4.,
.7.....5..4267.8.....5....26354..........57............972.3......79.4...8...63..,
.7..48.1.3.....6...261.3.....74....1....5...2..8..2745.........8.4......1....5.7.,
.7....2.....3.9.6.9...1...41....24.386..9.7.2..78..1.......4....1..7....23.......,
.38.5...7..724.8..24.6..5.........4......7..6....2...9.7..3...54....6........92..,
...5...67..6.....913.....5....9...........5.1....148...4569..1.71.84.63....7.....,
..3.......8..76...572..8.....7.528.3....61..22.5..97..3.........16......7...2..96,
.1..4..5..87..2...6......98.....9.21.7.......4.......61..8..54...2.........651...,
..4...52.1.........7.94......5.93..1...72.........5247.58.....34.1......3..8.9...,
19....3.8.2....9....7...6....3.6.4.2...2.1..9...........4....8..7.8....1.3....24.,
.8.3..7.619..27....3......92...8.6.575..319....8....3......91.7...2....8.........,
....8.......19..6....5.4.....5.16..9..3.5...89.....3.7761..3...35.........94...7.,
..7.....33..........8..2.5...4..7.681..5...372..8..1..5..1...8...1.......3..5..2.,
72....8..4.3........6....19....6...2..43.7.6.1....8.3..81..479...............93.4,
.56..13....8...1..1.235..4...4..3..2.......3...54.......1..2......6.7.5.8..13.6..,
......43..1..2....3...7..9.8..7.......7.64.1.9..83...6....9.2..2..6........14.368,
876......3.925........74......8...7.46......3..792.48.....8..3.....3.7.5.2.......,
3.7.19...1.....72....26.3.1......64.7.6.5.1..29.....5...........7.5....4539......,
3.42....86...8...5.5.4......7652....5....982.4...6...3......7..2.......4......6.2,
4.....53..........5..42...7...3.4...35867.....7.58.1...1.7.6.............2...34.5,
..95..7....2....8.58..74.......3.9.1.......4....7..3..89.....7.......15..3...18.2,
......4.8....3..5......8.3948.....65.........3.5.2.97.62...3...5...7...68..45.2.7,
3.4......25........61..........291.8.128.43.56.....9..8..1....4....3.5.2.2.5..8.1,
....3...4.6..1...3...5.7.......8..6..5.3..9.....9...4.5.4.......981...7..36.45..1,
....25..6...3..14..3...8..26.5.9.4...8............1.....98..6.3..32.491.1.6......,
.....9.364....19...8.....4......7.6......6.75....93...7........5.1.6...364.97.1..,
...6..74.....54.......2.3....81.........8.2.547..63..8.1...54...87.....1....7..8.,
....4.7...5..96......7..2.6......8..8.762..452..5.9..16......2......1..8....67..4,
4..1..7.8....6..32...7.8....125.....8.....1.66453...2...3...........256...8..1...,
1.2.3.....7.2.4.3..6.17.....573..219..6....57..479...3.............61.....1....26,
4.7........87..1.9..........1..54.9.7..1.6........3.....1.4.....5..1.7.3...9..6..,
.....2.3..39..7...8..6.9.7..21...58.5.8......67....1.92..5....3.6......1......8.6,
5.3.6...4.1...8.629.6..1.53...8.9.......3......2.1...93..14...6...5..2.1.........,
..........85..6..7......2.91.....9.69..24.5....2.....12.8.1.67...7....95....8.1..,
.....3.4....65.7.9.9.....63..43......73...8..58........4..8....7..5..4.1...76...5,
.97....5........6..48..........3..24.2..46.89.5...73..4..5.......2.6..9...5782...,
6..7.....1.9.2..8...8......2..97......6...1.4...5.42..7..4.1......6......1..87.5.,
57...1..31..5..9....86....5956..........7..1..8.4.9.........5..63....87...4......,
...54..97...2......42....5...3....8..58....2..2.1..93..3..2584..9........1.4.....,
.5.............4.2.2.61......1.6....8...4.3.69....2..1..95..2...4..2.6....3....98,
76..9.5....9..5....1...3.8......1.6..7.58.1.93.....85.....79..6...4......3.8.....,
1....4.6.........9...76814...8...9.........1...31.9.5.49....7..7..4....3.6..8..94,
....5.....62....79.9....4.21.53...9.4.6.1...5.3........27.34.........2.4.4....63.,
1...2...34...1.9........5...4.9.18......45.2.....386........2..32..8......93...58,
5....986.......95...........9.....3.64.5..1..3..9.8.4...41....21...43..88..2..6..,
.2.5...8...8.14.......8.14.63...7.5.21.8..7....74.3......7......5........6....2.1,
..8.4.5..7.2.8...6...95.....8..9....6.............7.8.36.8..25.2...63....9.5...7.,
....6..87.7.3.....8..4.5......68..5.16.7.......7.3...2.3.1.......8.5.....14.2.6..,
..4....52..5...9......2..8..68......4.92.8.1..2....36.3..4....91.259..3.........1,
....3...8..24.8...7......1.9...........61.9.3.6..23.....8..9....39..46..2.4.6....,
...1.3.9.8.4.9...3..94...824.2.1....3.67.........2..........4..29..7.3....1....2.,
4.35....2...7...59.2....8...3..........9..4..2.4.......12.8...3.7...49......3.1.5,
182..4..7..6..8...7.....5..8.7.92.4.5.........4.7..1....8421....6..87......5.....,
....57.......8...7.2.6......6..4.57.7....34..........6...3....8.5...1...178...24.,
.5.62.7..938.5........4...........4.846....23.2..6......798.4........5.7..3....8.,
.1...6.4..4.2..837.....8........4..6.......847......5..6..413.8.....51...3.....2.,
..83.7.6......2.7....5...23.....6............6.571.....2.9.5...7.16..8.59.3.....2,
..51...8....8..4.6.9.2..1........7.8........9.....726..4...1.....245...78.76...2.,
2.3.5.9.....2......9.6...517....83...6....7.28.1.....5...7.........6......5..1...,
.5.36....1.89..3..73...8.......261......3...85.1........9.528..........287...9...,
26.....5.....4..............79..32.5....9.74.54...6.3.4...69.2...82.54...5.3.....,
1.7.2......48.3......1....4..........91.....2.3..589.182...9......54...37.5..1...,
6.............76..1...2.7....4..69...9.4..3.1.1......2.281...4..31..9.7.7........,
..7...8.........32.4..93.....1..7.8.9...2......8..1.75........4..2.........4..517,
....1......5....8...37.64..74..651.2..8.4.7.....2........47.....7...12.4.....85..,
....4..........6.7......9...5..7...4.86.1....7...2.19..91.57......9...7257.2..8..,
..62..4...1...4.93....6........2.....6...98...3..812.4............1.2.59..4.3.16.,
.2...9......3........6..1....5......8.3..29..197.5..6......3.16...215..3...8..27.,
3..89....657.1.....19...3...6..7..85....81..9......4.759.3...6.78....9...........,
......5.236.8..91....3...67.91.3...657.61.39...2..57.......9......5.....7........,
......9.5.....5.767.2..9.......9.1431..75....6..3....2.....74.9.13....2.....3.5..,
9....2....1.8.5.....7..1...4.....9...7..94..1...1..8.5.3....59.....7.2.879.3.....,
..7...42...1....6....2.8..19.26.....8...........4........9.2..3..6..1.4...436.91.,
.....2..........934...961.8.....4.....7.2..8......82....9.8..7...16...3.2..3.741.,
.1......5692....1.......29.........74...69..1..65...3.2..4.5....7....36.9..31....,
...9.3..7.97.....31....5..44.....2.5......7..3.58.........2...88.4...9...51...4..,
4....7...6....4.9.....5.8...5.8.6......97..5.......3...8.6931.5..........3...197.,
..3....6..2...7.1...5...9..1...8.3..38.9.21....97......6...1.2......85........79.,
69...418..7.....9...31.67..2.13......3...1..........4...4..9.1......84.2...6...3.,
..92.3.1.4......7..1.4....28...924.79............7.2.1...36...8.3.......78.......,
94.7..65.3.79..4....6..4.1......9.476.....5........1.....5.19..1...32....5.6.....,
.8...5....4..72.8....3....7.2.....4.....1..738...3.......42..65.....64..7...53..8,
..6.4.....29.6.3.15..92..6..6..5..92...............1.5.9.5.82.........19.....1.38,
.4328.65.52...6..4..9....8....8..4.......976..7.6.3..29.....5........93..8.3.....,
....89...9..2.5..4..86.7..5.......4.....7.2..27.......4...2.9.363...87.2...3...8.,
...23.......5..9.4....9..16..4.75691......7.5.......3....7......7...91..2.9.4..5.,
8....957.....7.....9.4.2..6.6.35...47...9..8....6...2..8................4...6.9.3,
.34...79.579.4....1....3.....1.578.2.9.8..3....5...1..847....2..5...4.8..........,
462...8....5.4..1..8.25..6..1...9.8............45.......3....2...81...94.5..6...3,
...5.6.41.6........581........96...2...4.785...7......27......4..1...57......5.6.,
..138...9......2....215........4.5.........6......9...12.9..64...9.3..5.48..6...1,
3....8..284.7.........6..9..26..........7.6......34....81..34..4..2.7.......1...9,
...6...92.......6.....5.....2.....8..459...7.9..8.65.....53.4..2..7.....739...8..,
.........3.15.....7....1.5......91.....7.2......4..9.6.92.6.415......39..1.9.52..,
.1...89..5......6........418.9...5.4..3....9..7.........6.7...3.386.14......9.1..,
9...5..86.5.836......1...5..98....7.1.4.9...8...5.714.48.6.........1........7....,
..357.1..2........61.23..985......67.........3..16..2..2.6..8.9.....8......9..673,
5..1...3...139.7..2.9.57.4.492..5.6..1...............2........6.57..1....6..73..9,
...5..6......71......9.28.7.57....31....3......61.8...39.2......6...5.8..713.....,
...3.4.2.....2..4......768597.6.5.....6.394...2..4....5......6.....637...8....5..,
.79.6...5...9..4.16.2.8.9.7..6.4.....27..1...1..5..7.......6........75...5......2,
..6..4.852.3...1..1..8.37...4.1...5.....2.4.7..7.5.6.2.1...5.....5.........73....,
.635...1.7.436..2..58..1..6...42.....8..1..........2.....678.4....1..673.....4..8,
689.......54.7.9.8...6.....8..9..7.....1......4786.1.9..1......9....3...3..45...6,
...3...9..7...6..463...8.57.84...5......9..6.9.1.7....3....4.......5..16....3....,
....4.319.3.9.6...5...7.4..4.......5.9..2..4..163....7.....97...7....1......3..9.,
4.89.2...62.47..8...5........3.....89..6.7......3....435.......7....4.56....6...9,
8.96...3..31...4.....2...797..91.....8..4...33..8......1.............12.4...9..8.,
3......64.1.3..2....4.2.1.54.2.1.8..............9423....58......8..69.5....4.3...,
6.5...83........2.......6.4..12...4...48..3.7...1..56...8......4....3.7.27.6..1..,
.2....1.3.....3..5..........1..345.8.5...6..2..3.2.4..8..94............463...289.,
...2.59...85....7.....8....4....2....7.94...5.........9..71.32.31.4.8....4..9.1.8,
..1.6...4..342.85......9..28.9..3..5.4..1...8.15..6.43..82..................3..9.,
...842.......59......1.....68...5.9....2....55.....64..2.4....81.863..5...3....1.,
.9153.6.......4.2.6..9......476....1........2.19.7.....7...31..3.6.....5...4.....,
6....1..8.8..6.3..53...8.4......3..1.5.....9.19.4..82........56.1....4.9....5.1..,
84.3..5...529..................1.25.3....9841.....3.......5..39.78..4...1......2.,
..1..6..334.8...9....1.34...8.....4.4......85....5.1......6...8.....1.7.7...8.95.,
...9...7....1.645.7..3....6.63..9.4..7..1...3....6...1.3..5.2.7...4.....2......9.,
5..8..9..3.4.9.5.1.......74..7.....9.68...1..9..67..4589.46..1.1.6.....3.........,
...7............581.8.4....6..4.5..951...6....4.92....48....9.72..1..5...5...2...,
..1.2.96...364....7.........3....1....9.37.....691..8....18...7.....2..8.1....3.4,
...4..97...4....58...5683..89.6.27...4..7......3....62....9.8...6.78.......2..4..,
..27...8..6.......5.3.6.......3...2.6........13985....7..6.85...9..3..7...8.2.1..,
....7...8......937.....3.5............1.4.58..83.1...22...54.9.79.18....1..29...5,
4..7.3.8.6..59.3...7.2.6..49.......2..5...7........54982.....3.......6.7..4....2.,
.......927..........86...7.1....92.65....2....87.5...1..68....495.........2...1..,
..37.8..9.2........7....486.36.....79.5..3.622..4.93.....9...........65..5..4....,
...823........5...7........95........172...9...4...8.3..35...87....1..29..5..74..,
.7....1..61.3....8.5.2...797..1...83...57............1....2.6...95...31.....5...7,
3..5.6.2.6.....38.7...........7.24.3.7.34.85...16....2.5...............8..2.8..6.,
5..9.8......2..9......6.....7.32.5..2...9..6...4..63.2..68.....94...72...8.5....3,
.394.....28...1...........9..5.......1..68.5..2.3.4..89.3..2....5..43......6..8..,
...6.....39....8.4.4.....914...8...38..42.1.9...5.........5......839.4..65...2...,
..3....46.964..15.1....79....21...............51......5..73..2.2...19.63.3..5...9,
..8..6..5.......632.15...9..7..5..........9...85.2.6.7.26..3...1....7..23........,
.871..6....9.46.......8.....1...2.....6.7...3.........7....1.94..32...17.....982.,
.3.......4..1........2.4..134..8....7.6....5..5173..64..2...1..6.....5.3.....6...,
.8.4..9.21.98.5..636.........8.1....6..3.24.1.....6...5....8.1......3.29.......54,
.....72..783.......52....9.9..54.72...5.9.1......7..8.1........8....391..97...3..,
...6.37...5...1.493..4.2..6..2...57..4....1..5672...3.......2.7..4....5.6..7...9.,
.2..3.95.91.8.......7.........6.72....2..8...5..9...8..7...2.....3.9....8.5.6.3..,
..9.7.8.6.6...5...8.3...9.........1......73........78..165.3..8.9.2...7..35..9...,
35.9.4..2....3......4......527....6.....1..49...7....54.3...6......61.....95.....,
.1..8..623....189..5.23..145......4..4.5....9....2....1...9..8...4.1......9..8.3.,
......17........6.9..2.1.....1..92...8.7.56.4....6....26....9.8........7..7...45.,
..4..2....916..5.....19...7248..1.......59.7...........7....4..16..7.....85.....6,
.45....2.72.....5.1...3.........5..3...8...1..9.71.24.9..1...3...8.......1497....,
......7.1.1....4...8.3......4...35..5...1.97....9.....7....91.21..2.8...35...7..8,
.73....1.9..6.75..5....2....9.2..7.3.3.5..9.6.......5..5..6..9......3......18.3.2,
...6...4..172....3......17...8...69.....42....91.6.3.2....9.4.68.......9.2.....3.,
451.......3..7.4.2..68.3...3..........7...8....4...3.1.7..8213...2..5...6...1.2.7,
7.3..69..9.5.4368.....85......69.83....5...4..4......9....7.......8...923......6.,
....6..1.....3..8.4.....9.....9..834.1.84...2.....27...862.1.....3..6....9....67.,
.......4...3....9.6.......3.41.3....792..4.36..61..2...293.6...........2....7.8..,
5..7..83......1........6.........4......9.5.8.......17..1..9..3.39..86..74..3..51,
5..2..4..1.495...8.3..87.9..9..1..72.5..7.8.......3.....7.9...3..........21......,
.9......6..............74...85.1.9..1..3.4..776..5..4..3.9.87....1.3...86......5.,
..873..4.7.42...35....5..2.......6..9..6.24...638792...........5.63......9.......,
6..9....8.8.........5.3.6.1.52......39.1..5..7...5.9.32........16.298....3.6..7..,
...5....9.87..13..1...7...4...78....3....91......3.5475.....9.......64......1..38,
.......1.....93......175...93....5..1.7...8.2842...1..2.1.47..3.7.5.9.......2..9.,
.1.......38...1.46.7....3.8..8........4.83.7..6.72.8.4.........6.5..8......4..23.,
....3129.3....4...98.6....1.5....948....4..........3.6..6.591.........6..1..6.425,
1...6.5....9..3...3.....62.52......764..3.......61.....74.....5......7..9.....146,
.84.......7...4..2.2...86..7.59.6.....8.25...19..4....4...9....25..6.9.......75..,
....6.9...5...........1...3........1.16.47.98.358....4.846..3.9....3......1....85,
78.....2..5.6..1.....2........75..62.4..2..7...69..8.4..........14.......695...8.,
1..597..4.56................7...193.....7...5..9.43.81.67...3..83..6.5...4.......,
.7.9...5..9..1.....3....72..584....7....9.1..2......3.......3..7.......5..5.2.984,
..289.6..9...6..7..4..........7....3.3.....861.9.....7..61428...84..31...........,
.465..1..2..6.4.3..5.......12...3.7..37............6......41....85.372..7......84,
.......45.24......1.....7..3..4....2..58.74.3.76......657....3..4.5..6.8.......1.,
.....6........49.2....2...8...1...3...4.3.6.529...54...35..9...6....1....29.5...6,
48..6..........4.736....1..54.8......9.4.......3......9.5..3......971..6.16.843..,
..3.....8..4....1.25.87..646....1.....8.......3....7............2.4.3.8.87.5..2..,
2..8...6...3.5..........47....3..2..4......9....2.6.58.5..82.49...5......97...8..,
.........761..9..4.9.1.......4..7.61...2.47..5.3........2.3.69..1...2..7....4....,
7.16..54...53.1.8.8......7.....13......7.......45.........6...3..24..6.....2..45.,
..3.5.42.7..2.31............85.4...1.4....2.63...68.7.1..47.......8...........3..,
.795.4...3..1....54..29......19.2.......35...5..76..4.2.7..9.1...3.......14..7..3,
..86..1..652....9......9.53....6..7....1..58.2.......1.96...8......1.7.2..5......,
.2..375....7...24.54......83....9.......84.......7.......8..4..15.7...2...4.159.3,
8..72..3..94......7....5....6......45....9.73.37..6.82.82.97...9.5..........3....,
.....21...215.....8..43...9.6..........1.6342.....5.6..15..4.869.............9.34,
..6...7.....24..9..8.9...65...87.5......2...4..2..4.7......83.........5.6..4.9.2.,
3...29.61.9.6.7.2327.1.....5......9......2....2....65....83.........68.7.....1..6,
5..8..1.7.2...6...76.........9...5.......26..........94.7.1.8..9....5.7.1.2.9.4.5,
........2....8.461..6........3.7...8.8.2...4.1.54..2.7.72.4..3.6..3....5....1.7..,
..28...637...42.....93...4..........3.8..7....6.....18.1........8..63.9.4........,
...8.7..4.2......7.7.....63..9.3.2.......1.....6.2.19.2...16.7...3......9...4....,
...8.9........2..5.2..4.78.....3..71.32....5.4.1.9....8741..............35.7...4.,
57.......2.....53...1.....8......3...17....59...7..16.12...9.8..5....9....38.5712,
..64..9.1.3.2.7.5..9..3..........5.........1.1...2..47...7.94...43..61.9.......7.,
.......6....4.9..1.2.1....9.6..2..9......6.857..........59..1..1.985..2.8...7....,
..8.....4...6..2..72..4....9..8...6...7.3..584.....7.9..3.29....7..............86,
..9.....8...7...4.......7.9..3.1..8.7.2.8..5...1.9.......84....29...3..714.....2.,
8...924.72.....16...54......47..96.....67...8.8.2.4.....29........8.1...7...25...,
.............8.5...54..2.......6.7.8.2.39.6...9......3...956.3...7.....6.4..7.85.,
5....486.........3......24..384......1...2.8..6..83157.......1238....5.......16..,
...2...7....1.6.3.....8...51..8.......5...41.3.8.2.....7.....56...51.3.......32..,
..6.....7..2....6.3...7....9..5.3.1.16.........52......3945...6..461...2...7...9.,
.....5................2.78.9.486..275..7.48...8..9.64.6.84...7...1...26...5.....1,
7...48..11..7...8...26...4....9.1..7...8..63...9...4...1.29...........2......71.3,
.8..1.5.3.4.3..8..9...2...4.1.....2.5........8........49..681...6.23...9...15....,
......8..4....89..........28.43......9..2...3.2.7.4..5....5...435...1.....2..91..,
8....92...1..4..........735.2...41.9...81...3...3..4.7.........93..218....7.3....,
.87.2..6.9.....38...695......9...6..........3.2...6...6.5.1.9....3..2..8.1..3.5..,
6...45.2........4..8.3..7.63..8..4............7....9..29..7......4.2..9.73..84.5.,
5.....93.7........2...8......73.6..2....1..6..9.2.5...3....82......9.5...6...78..,
..1...6.567..1.............1.7.36.......2...43..5.......29...515.6..3.42...4...3.,
.....7...7...........6..4.5...........27358....328..6.3.7.58..2.1....5..6.841.7..,
9..86.....1.3...8.2.49..1.....6..83..........15..4...6..2.8.......1.....8....52..,
........1...8.36...6...4.2.......9.5.8...536...6....4.89.3........52.1...4.1.9..6,
..8.45...24.8.15...7...2..63....41.....6...53..4...627..7.3.......41.7.....2.....,
....3.25...........31..5..7..4...7....7.....9....2963...91.....6...534..5...96...,
....5.3......12.45.....4.6..6.2...399........4...69..2....8..93.813.542...6...1..,
.82..1.5.......2.34......7..9..12.....4..35....8..97..3..19..........829....473..,
...4.........5..8......2195.5....9.8...3......8..9.6.15....9.234...85.6....2.3...,
.7..4..5...2.9....5....271.2....7..8.6.81.5...4..6..7........8...64..2..7..6.....,
....85......7..2...28...4.9.6.9..128......6..7......941.985...2.8.......2.......1,
.6..59.3...28.6..91....4..24..........5698.........5...2.3...65....4..1...3...4..,
...127........6.49......2..5..6.1..7..7.5.1.8...........28495.6...5.....9.....4.1,
67.5.3.9...869.7..3.5.....6.......4.8.....2..5...4...3.....49...6.....2...3...8.7,
.2..95.1...8.3....7...26.9.953.7.....7..58.....1....2.3...69...........38.....9..,
.8..12........7.8...4.5..32.7.3.8..12....13...5.....4.7.......99.....25..........,
.17.5....5.....7182......5679......16..8.1.25...32................6...9.9.1.....7,
1......87........1.8..4.5...3.......7....5...52.1....3..5.1...4..8..2.3...7..8.29,
4....3.28...258..7..9..7.31......9.5.4.....829..........2.3.....5..9....1845.....,
...5...97......26.7....24...6.7..5.8...68...3.......2..45.......8.3..7...9..4..36,
..2.5..1..5819...2..4.7....6.1...5........8674..................152...9....4..67.,
8...........4...2..61..54....4...8...89.2..71...5.62...16..........1..9.25.......,
....8.6...8.4...127....1.9.67.3...281.2.4..3.9.......6.23....8.4............9...4,
..4.....5....2.........7..8...9.2......7534.6..9.6....3.2.7..5.7.5..6..9.4.8..2.3,
.4.3.718..82...45.7.1...6.....5........17.2.4827.6.....5.......6.......51....67..,
.....17........83.6..32.........64...1..849.2.7.......3...1......7.42...29.......,
2..8..4...1..3.2...7...4.....89..........7.8....41......12..89..64...1.......9...,
.7......1..5.....69.612.....5.9..1...2...4.7.78...25.....6...........24.841......,
5...4...........64...2....3.89.25...6.5.7.....7248.6...2.9......4.83...58.7......,
.9...3.8..17.2...5.2..59..37.......1........78.4......9...7.5.2.....8...1.5...7..,
5...239..2.46...5.69.7..........4..6........14....25..9.....2.73......1..2....4.3,
37..5...4......3.......18.....246...6..7...2...8...1..73...5.........53.4.23.....,
.......68.....1.....3.6.4....831.926...8....7.7...6...76.....4...1.....33.2.841..,
....35.....178.4...8.9....7..96.3..1....7.5...1.8...49..8.9.31..5....8....3......,
2.4....596...8.......6.9.4..............75...5....47...2.9.3..8..7.4..9...3....2.,
9.2.......67...2.8.5..........5......13.7...66......27.35.6..911..9..7.5...7..8..,
..1.2.6.....1..9.5.5.6...7.4..........5.....96.9......872.15..61.6.87.9....2.....,
..4.......13....4..9.36.5..1.....8.49..2...1..6..3...2829...6.5....8..2.4........,
.....6........847........232.5.6...76....31..73.5.1.....834..6.......3........851,
.6.5..29.25...6.3..3.....1.1..2..9......9.5.........6......8...4.9.1.3..32.....46,
4.....92....8......1.92...623...4.......382........5..1...92.....3......92.156..3,
...56.3..4....37...62.7..9..7.2..4.9.................5.3...96...5...71.27.6.1..3.,
.......7.1.8...5...5.4.8...42...98.55..13.4....9...1......2..8.7.48...5.......9..,
..7..5..4.5..821.9.9..4186............2..7..8...8...1...5.7..8.67..2..5...9.....2,
.8...3..........7...7..98....1...96..5....2...72.5.18.6......1..1.2...9.5..9.7..2,
723......8..4..7.....3.........9..1..342.....69...8..4.67...1.......14.8....63...,
81...4.6..............3....5..........7.5...4..261.3....6..127.3..2..1..1...68..5,
..65....1.1..9.32..3..72.5..71.....9.9...1..25..6.....96.....8...2......85......7,
3...45.....6.9....71.6...3.5.8..4.9......6....6.....7..74...8.....98..171....3...,
4...9..76.....8.29.326....5.....25..5.9.......6.7...4.69....7............28..5.9.,
....5.4..2.7.9...3..4....5..3..18...79.3.....1..4.....9...37..5..3....48......9.2,
..6.....5.9...6.37.5..974....7..........6.9...34.2.........2.....85.....4...73268,
.521.6...6...895...4.........1...8.4...82......5..4..6........976.....212.8.7....,
...3..........965..67.....3....12.9.1..7.3......9..2.7......8...71.8..6...51...7.,
3....64.9....24.35..2.......5...1...4....2...9.6....571...49.....51.3....7.......,
...146..5..9..7....4...5....56...48...8....769.7.......6..3.85...5..4...1..7.....,
......9...........9..74..6.67..9.45..5...68.....1...2...921.7...1...5.4.8.....1.6,
..56..9........854149......7.429........147..51..68...........2...8..1.6.7......5,
....7.3.8..356...161........38........6..2....5....4.6.8.6..2..4.27..........85.4,
.....48........1.5.9.1..........94.1.4.36.......4..653..5.....4...98....9....3.26,
6.....1.3..4..67...3...1.9515.6.29......73.2...9.....4..2......96....4....5....3.,
.........23.6.7..........135.2...17...7.....986.2........3.6.....8..95..6..7..9.2,
8.2.......64......3.....46..2...7...7.6.321....1.......7...8.24.5..26.7......3..5,
.....8.1...1...2..926....47..2.....3.9.....8.6...3.7.2....134..2....4.6..78......,
6.97.....8.....12.37...8..........95.....62.....853......3....9.3.....5....19...8,
3....9..5.5.4...........87.54.3..........76...2.9.6...4...5....7.3.8.....6...23..,
......6..5......1....7..8...2..4.....63.1.2.88.....3.7..1..84....8..573.7.416....,
7463...1..5...2....2..4...751.2.8..4...5..26..3..748....8....4..............2...3,
...31.8.....9.4..279..8...3.1.............679...26......1..........439..82.1.93..,
..........7.....58.....4..6.....6.....645..27..8....3..47.62.85.63.75..92.5..9...,
3.841.....94..8....7..32....23..91.7..68..2.......1....12..3.....7.6..4..........,
.3..7......5.32........5.....1....9....69.3.5.7.....2.79.3...4.3...4.76..5...12..,
......7.....5.7..26...2.91..3.19.47.91..7..6..4..........3.5......9...5.4...6....,
.439.2...85...................42...3.74.5.6...296..8...983.7....3.....6......6.94,
51....96...3..2.4...86.....8.45..........1.........3......5.4..2418..63..9.3..8..,
1.6.2.8...4........59..8...7.52...........7...6...719.......46.21..4..7....9..5.1,
........2.5.....7.2.76...4.68........7.2..9.8.......57...42..358..5.3.....2.98...,
...14....18.56....4......2..4....9.....786..1.........95.2..8.7.129...46....57...,
.92...1....57.....63..5....7.6.8..3...93......1.......28..7........3.81....61.9..,
3.5..4...6.83....9....91......1........76813...1...87...98.5....7.9...5..6..4....,
3.7...1.....8.....95.....2.26....3..79.............86..1..2.7.5..9.7..1.5...63..2,
..2.9.61......1.5.......2.4.5......83..8..1.5.21..4.9....5.9.3....32........685..,
.....35.7..59......472..3......9...6...4..87....56.....8.....94.5...2.......4..2.,
......8.7..4.....3..8.5.......9..5.6..6.3.4...7...8....9.3....15...417..4......6.,
......26...6...8.7....9...33.74....9.54.69.826.....7..7.....4...25..79.......5..6,
.7......36..9..74....2..1...42..5.39.....3.......2465...95....1.......7.....79.6.,
.....84...1329.8..2...6.1..............3....2...7.29319.2..6..8..8.....76...34...,
........2.5.81..7.4.7.2..5.7........1.9.5.....6.....4..9...81..61....2..5..6.....,
..........4...8....3.6..7....1..3.5.576.4..3.....6..87..3.7.51.2..5......5.136..4,
41....6955.3.............2..48...2......4..........83.8....4...6..9.2....9215..6.,
..6...1.3..1.23.49..8..5.2..5.3..28....59.....6...8..1....5.......81......94.6...,
....41..986..7......4......386........9.......1....73.14.9..6.8.....73..9.382...4,
7....1....8.5......9..8.6.5.6..7..3...1..6......359...9.6.45....549.7....3.....4.,
.6.......93...7....1...358...48..6......9.....8....31..7..68.....6.5...78..4.9...,
.3...8.1.2..3..9..9..52..46.....51...9.4....5.6...1.89....64.....8.....4..2......,
8..59..............643....73.6.....54....6.19.17......9.......8....1..73.537..9..,
18.5..2.43.21...97.45.9.1.3..4....7....25.3.121.......8....7..9.9.......4........,
.7.26....1........92.1....4......7..54..28.1..6.7.58........4...9..54.78..2......,
.7.4......986.2.....2.1.....4.9.6.....71...4.....7.........3...6..82.7.48.1....36,
.4....7.2.9..4.8..2.8.71.6..7.....9.1..2......8.3....696.....4......8329.........,
....57.9..3..24.....6...73..57.6.9..6...8........9..8..4......8...249.....5...3..,
.....5....42...........9.3...5...12749........7...16...179..5.......3.1..5..14.69,
6......3..2.85...9.7.926......1.5.8........5....2......87.3.1.6..6.875...9.....7.,
.8.........7..53....1.32.7.7.........4..5..92.35..7...5.9....24..3......42.7.8..1,
625.9..81.3.1....2........62..6.9...8..23..1..5..1..4...2.4.......52....4....8...,
7...61...32...57..5.18.....13..5...9...91......52.......27..1....6..9.8.......2..,
....4.692.....6......7...48..16.2.....73..2.4...9....36.32..1............98.....7,
...2....46..5.78...24..3......87...1.1.....2....4..687.......7.......2167....6..3,
...6.......82............6.58.12.....2..6...1.9..8..43.1....5..2.694....9.......2,
4...2........4......21....3....8.61...85.3.2.7......5..2....8....5...7...1..67..4,
....65...5...4.2.7...7.2...7.42......95.......63.9.5...3.4.........1.7.69..3....1,
....3.2........185...52...42...68.4..6.14..5.......7..7.538.....1.4...3......2...,
1.4..6...6..5..3...9...4.....9..5..1..7.4...6....1..53...8..1.9............173.85,
31...675....9.3.......8......16......98.7..1.76......4.....8..5...4..19....715...,
4.5........36.9...79...1.34...2.........15...37......26.....9......2...1.4.56.2.7,
..18...4.8..9..2...74......2..5...7...6...5...4.2..8...9...5...482...9.......81.2,
8..4.5.7.5....6....9.....3.4......9..38...4.56.......1...51.....4...986...97.....,
.162.79.58....3.2.........12.81.....5378..1.6.......9.......2371.3...6.8.........,
....4...1...9...4.....2..6.1.6.3..5..3....8..2..4.59..5..196........8...9...5..3.,
25...1.8.91.8......7..3..5....7....83.....2...8......189......2...35....6.29.87..,
1.5...8....6...19..7......26...91.2.....5...92....64..5.2....7..9......87..6..5.1,
...496.....2...3...451.......3...6.96....543.......28..91.......5..8.9....4.13...,
2..67.53.3.725.1.4..5..4.........6.219.36..5....9..4........2..........6...1263..,
...5.......4...2......6953...5..6...6...7...88......92..9782........5.7.......4.3,
754...6...6.....92...8....3.9......4.....5.762......8..4.5.8....3.7.2..96..43...5,
.95.38.742..7...3......25.98.2......67...........4...2..........39...45..68..79..,
.9.......57.3....13.....59.....9.35..8...36...6.17.......6.1..........32....8..7.,
14....3...39..5.8..279...4...3........47....85..813.........79..............7.15.,
9..3.1..........1.2.8...6.......7...3.2..6.5.8.59...7..56.73..9.....9...78..1....,
.7.......5....19.882..3.6.73..9.6.8..5...8.9...2....1....57...3....1.5...........,
....3....38..196.7..27.85................38.....9.5..1.3....9...6...1.83..5..2.6.,
....6.3..7.....658.9......7..9..8.4..46.19...3..4....5..1.8.4.9....3..8....9....1,
..1.2....24.65.7..6.97...4..2...1......472..8..8.....7..7......1.6.87....5.14...9,
.1....67...7..694.2..1..38....3.1......2......9..682....4..........32...62..478..,
..23......6.9..24..5...1..85..61.9......53..44......2....1928.3......1....9......,
.4..9..5.1..842..779...1..292..........5.....6..724...4.69.....51........8.....71,
...382........4.31...7.......2.....473....1..45..18...6..2.........5.27.2.....863,
.53...98..2...8.3.......45......3....9..51...8.4....2.5...1.8..78...9...2..8.....,
.....7.8.9.1..62..58.2.......21.........9...5...6....33..7....1..6...9.....539...,
9.....5..47..6..916...18....98....2....1....6......41..2....75..........547.9..8.,
.8.5...7.6.1....8..2..4...1........7...1.2.54...9.5......7.6.....98.4.65....9..2.,
.4.....2.7.1..48..2.567...11...62.9........6.....5.2.....4......84...7.5......9..,
..3...87..........48735.6.......2......73....3.84....9...68.....6....4...2..79..8,
...........5..2..9..935.2.12....3...36.2......7..98.3.........56..5.1..7....7.8..,
........182...1.576.52..9.4.8....6...69......1............8.7.92..47....4..5..8..,
.68.7........54.....2.6891......1..8..54...9.1.9.....279......1.4..8...........2.,
....4.3..3....1........56.4........1.9172.5..2.69.4.3..74.......6..7...5..3....9.,
....9.1.6...1.4.......6.874.9..16....2.7...3.......4.......7..883.2....7...83.6..,
.4...7.2.....1.4.96.3...........61...2.9...7........8...8.91...3.9.6......14.8...,
6......74.38....9..79...83.95...7.8..6.........1..3......76.....9..38.151.4...3..,
......4.......6.9..3.....58.8367.5....7....36.195...7..94..136..6....71......4...,
.24..7..8.....564....4...39...5.986.9....42...5..76...........6..7.2.........849.,
3.19....7.8.5..2.6..9.8..5.1.2.3.....6...7..58..6.2...91...........6............3,
...5....1....64..3......54....1........85.764.36.2....6.4.....5.7.2...1.3...78...,
.4...73......2...5...5..1......8.4....31.4......7.2.....5....677..4.5.3.8.2..3...,
.....6.15....347..49.52.3..2...5.6....9..7..2..........16...2..75..9.....3.....94,
6..9.2...2.4.316.81.9..6.2......985.4..3....65..2.41....1....83........2......5..,
..5.6..9.64..3...191..2..7........5....9...3......67..4..3......7..5...32.37...4.,
.8.4..7...........2.3...85.4.97.3..5.5....4.1..8.2..9.73...9.2.9.......4.25......,
5.4.....697....2......34.7.......7657...42..............2.....3......51961...5...,
5..9.13.4.3..6...74...851.619..486.3.....68.....1........4.....85..............7.,
.4..6.3927.....6.....2....55...3.7..4......6.....79..415...32..........6.32...5..,
......8.1...7..4692..........7.98...........5.9...4.....817..9..62.8...75...29..8,
387...6...9..71...2..6..........2..4........394.....1...9.27.6..1..8.3....24..7..,
.6.31..97...296..8..3.7...4247..9....81....2......7.............9.8..34..26......,
6..1...7.....34.8...27.6....8.....5.4..5..2...67.2.4....3.7..6......1.........3..,
1..7.83........9....931..8.......61....5..4..........56...817...1...786..97.4..3.,
.7.5.8.4...8...13...34....96.5..1..7.1.3..........6.8....8.........4......7.936..,
3...2.5.......4...97.3........752....12......5..98......327...1..4.1.35..59.....2,
..........19.46...67.9.....8..4.1.62....82............24.39..1...8..7.4.9.16.....,
.5...764..39....7...64.31........8.739....41.167...........6..8......93..45......,
1.7.......968......2..1....8..1....7......9...3.5...6..5.67..189.3............6..,
...5..6..73........95........267...5.5.9.4..2.....3..7.......7.64..9.........139.,
..7..3..9.5.....6..4...62.......2.........1.79.......4.2..3.61.6...2.5..3..1.4.7.,
3...14......9....2......67..4....26.16......5....3.7....54.2...2.6.....1.....9...,
....7..2....9.1.......63.....3.5.7..72..3..9169........3.5.78...1...6.3..5..2..1.,
25....18..8......9....826..5.1..7...........5....2189.........372.1........7.3...,
...5.....378......5..6872.....3..47.43...6...25...9.8...........6...4..38...5...2,
.51...3....8.5...774..1..6.5..6...3.9....371...3..15.9....8...1..7..69...........,
......7...59..3846..72...3.4..6.53..7...3.....98..74......9......3...69......8...,
.....2315....3..7..86.......9.2...8..6758.9..5....3..2.3......78.9.7.....5.......,
.9.......2.8....1.7..94.6....4....9..5..742..1..5....4....1..8.8.....95.......7.2,
.5..4.2.7.4....36.8..36.9.....7...2..7.8945..9........698.....542..8....5........,
86..3..5.7..91...44...5..3...7.....5.34....761...6.9..91...........8.........3.6.,
.24.......73...21.8...........32...671..96..23..7.1.49.9.......4.7...3.....1.8...,
..21...547...43...3..5.971.2.7....4...4..5....936..1........57........62...3.....,
5....3..4......71..8.........9.8...6....95.481..7..59....4.8.6....6.78.1.3.15....,
6..5.2..9.4.9...3.....4.....9..3............7....5.86.87.3.5....3....2....6.8..4.,
...........7..........5..1.9.81..5.74..6..93.13....8..6.9..7.4.8..4.17...1..93..8,
.6.2...54..7....9.5.......6..2.5.........45..89...6..2......6.89.....4...26..71..,
.6.4........52.1...........2.5.6..1.....5.8.2..47..96..5.9.6...8...7......9.152..,
.........4...........1..4.8.7..56...38.4..5.6...2....7.1..2..5.62...37.4.5.84.2..,
.......8.........17..9.....2..65.837....7..5.1..3......13.8729.92...6....8..9..16,
3...96...7..15..83.1..8.9...........1.....3.56.9.....8..3...7568.......9.2.3.....,
..24.6..3..79...5.....736.......489....3.......6.2....7......6.9..5...4....83752.,
...7....13.....6..814.2.....48.........1..2.7.....419.7.2...8...3.9..7.6..9.....4,
...9.3..8.95..27...83.674.2.387....524...5.8.......3.4..........27..4........9...,
.....7395.73..6...4..2...1.56....2......1.........47.......3..4192.............62,
....49..1..53...4...4.....7..97.....27......6...6.13.9.6.9..5...4.1....3.....67.4,
9......51.24..6........5....3..9.2.........8.8..3614......38.49....2.86........1.,
8..15..4.6.....81....6..59...9.8.15.1....43...3...97.44.1.75..........7...6......,
..19....55..84..2.4...6..87..817.5.......4......529..1...75....7.....9..1......62,
2.693..5..4.6..9..1.54..2.......2..19..7..........3...7..2...34....1.7.....3.619.,
9.62...571....5....7....12342....6.9.......1......3.72..57.4..1.4.......76.....35,
4.......6...63....6...12.7..9..8..6..8.1..3.97613..2....8........7.9..43.....1..7,
......3.9.7.1..5...95...821.89..31...53..9..6..1.6...3.....2.......8.29....7.....,
...9....857.2....4.6.....7.1..5.7..9...1...6573...41.......9.5.3.1......49.......,
9.......1...2......72...8.....7..12...86..74..69......1..82...4.....9...6.7...3..,
3.......4.2...8....4...2869........3...46.297...379.4.....9.3.1...7......7..84...,
....37.9...69......74....1.391......5....6......1.24...5.2.......7..9..1.....5.7.,
3.1...7...85.3..4.24...851.1..7..8.....4852.......2.76....5.48......76...........,
..........2.1.65..9..........8.9173....5.3.81...6..9.2.6......875....1.......9376,
....1...3.2..6..94.749..2..7...83...6.1.2..7....4...3....1....2.........489.....1,
38.17...967.....31.593........7.....9...5.14.......5.7......9...95.83...4..5..6..,
..761....4...92....65.......7...8....4.....9......9516....2.8..2.17....4......6..,
.1.7...3.....19...4.5.......3...........8...968..9.5.1...675...541........3..48..,
.8..........7.....6...9.7..56.3....91.7...36.9.3..1.2......2..7..9.3.5....698...2,
..7...9.22.3....5......9..1.26.1...5....9.6....5..3.74.........5..1.....369....4.,
.2..54.9.....9..7.9....86.5....8.......7625.....4..912.4...6...26...7.518......2.,
.5...4.7...1.....84..5..1......42.86.9.16.74.......9..175.2..64...........8...51.,
.........1..7.2.4...5.81...4.1..........4..89..8....7......4.6.7.41.9.2569.5..7..,
9.72.68..2.....4...6...5.3.........24....2.......87.4..2......884..9.6.77.5......,
7..3..1.68....7..99.4.61..8..14...8.......5.737...9....4............6..4........3,
..7..9..6.1..86...65.....29...94..8....2.1497..........28.7...........51.....5.7.,
........9.3...5.4..9.....8187.........984...5.5..79.18..5.827.312.....9......4...,
...1..98..2.6...5.....4...72...1..6.5.1.6.8..........4.4..5.712.....7.....68....5,
.7.4..56...16....84....8.1212...3.5.......2..........3.83..17............5..468..,
63..1...9.....53....5...1.28.3...9..1....728..7.................52.8..7.7.65.2...,
.5.87..31.....6.8.....1.2...1.3.....36......8.95.2.6......5..6.........5...9.2.7.,
49.5....8....72...1.56.......4...5.29..28..1........9...8..14......4.671.........,
3...8................32...7..27.5.6...3.6..25..6.9274.87.....9.2...5.....458...3.,
48.3..96..1.9...8.....24..1....4..2.9....86..35.6.91..8........6.......5...1.....,
42..6....598.2..4........392..1.5..6.4.9...18..1.8...............6.9....9....6..4,
3.7..9.8..9.8....1...4..3..7....86...35......4..7.6.15.........1...5..6.5.31.7...,
.2....6.1...9.2.....1.7........6...2..7..8..5...129......8...3.1.5.362..9.3....6.,
.6...2..8.135...........173...6.1.5..8..9...7.7.........5...69.....3......9.2....,
...2...87.2.85..........5.6...6..9......85.....7....344......7....7.6..3.8.32....,
..........95.2..4..4..895..4.9.5.26.6..1.8....7.....9...7...12.98..7.....5..1....,
....56.....917..2674..........6.92.....8...95......1....2.....1.....584...1.94.5.,
7...98..4.....6.57....3.61.4...6.3....3..........1..4..37.89...86.4...7.......9.1,
...245.....36...7.91........219.....6.9.2..............623..7.14....9.2...7...35.,
6..5.19....5...6.2.7...6...15.7..8....2...5...94......24..9..7..6.4.5.....8......,
5...3..7.6...5...9.93..4.651..5.8.....976.81.86.4..3....5.............8......1.4.,
5.....1.2....1.......25..39..4.2...1.......7.21.7.9.539..1357.....6..39.....4...6,
1.68.5......39.86.....7....6..53....5....6..97.1..9.....4.....8..7...54....98.1..,
..17.253......3..7..685.1..1...3....2.......8...........52.16....7.6..5.9.....8.1,
..465....65..297.12...4..6..68.1.2...47..269.........8...4......2..9..1.......8..,
..........9.....48.....47.118..5..6..7....9..5..63...4...4.93....5........13....7,
......5....18.37.....2.......7329.4..9.5.......3...1...5..7...1.1.9..3.27....4..9,
75.849.6.4.2..6..........8...64..97.9.........27.....56.4..3.2.3....5......9.....,
...64..8.....1.256..9..2...4.....8296...29.4....5........4....8..3..6...5...8..3.,
59...37..3......4.4......26..9....7..5....4......8.5.9..685.....8.....9..7.6.9..2,
.983...455.7......43..7..8.......398...4.5..232....5.........37.4..8.6.9......8..,
.........698....14....7......4.97.2.71...6.43.8..........12..8.3.2.....1.6.....7.,
.7.......649......8.2....6.2..78.4.9..791.6.....65.8...264.....4........59.82.7..,
...9.73.6....3..9.3...4.1..........3.......4.....7.6515.1..4.67.4...9..87.98....5,
3.497....9.1...........1.3....1.2..9..384.7.1........3...7.3.82.8..5....1..48....,
.1....5.2.4......1...13.8..2..8.41..5.......98..71.2........7...9......33..54....,
7.......8...8....2.....7....7...2.4.4.2..9.61..8.3.9....97..4.....1.4.....6.9..8.,
.5..3....23.4...5.1.4....2....917..4...64....9..32........6...231..5...9796......,
5.3.8........5..48..769.....95...6.7.........6.8..731.9364...8.....3.....7.8...6.,
.53...4..8.....6..6..98..1...8..41..7..3....9.91....3.......871967.....5.........,
..7......5......9...2....1.1..92..35......6...867.5.29.1...3.7..9..7.26......9.5.,
.8.9.7.........2.62..3.8...7....5.48.....973...57..6.24..........7..4...6.3....7.,
..1....5.2..6..84....5.79.6.6....58.9.8.1.....4..8...9..4......596.4....8...5....,
.4..83.2.2..9...7.....5..9..7..3.5..8..5..........9..4....12......7...123.......8,
.8.4..35.3..9.....5....6..7...........3.8.1..4.91.358.7.1...........5......87..3.,
....1..5...49.2..892........6.147.......9.76..5...6.....7...5.9.4.......5..2..64.,
.14..8..59..6.....7.61...3......93...3.4...8..68.51.4......4......8.6.....1....79,
..8..9..2.2..3.48....1..5...36...........56.9....1................3.2..6..3.9.145,
..5..........498.....1.....4....39.15.....78..38..1.65.7.618......3.......659..4.,
.61.87..4.5...9..33..5.......41.38....3...6....9..4.5....84.9...............7..6.,
35....7...47.....8.897..13..1.3..86.4...........59........57..95..8.36.4.....1...,
........7.7...2..4......8....1....3....4.....32.56.....5.1.647...875.2..2..3.4.5.,
.73..9.4.....24........165....3...6.....154.7....7......2.9.....97.4..356......9.,
..7.9..8568..4.12.1........5.8...7...2...14......5.269.....4....917....4...9.....,
86.........1.2........9...22.69..7.4..4....9..9..3..1.1...4..3..2......7673..1...,
...3......2........3...7..5....9.2.1.5.1...79..3...4....9.62...61..5..2.27..3.94.,
.63.5...15...29...97.4...5..........21.......3.564....7...93.........7...2...169.,
.9...71...6.....49...14.73.3.2.....79....2......38....8.69.....2.......3...76.2..,
.......3...53.8.....7....9..........968..4....4......72...9..7.5...628.4..6.45..9,
..64.2...9..........8.7.2..67..9.1...1..27......8....6.....4.....598..27.69.5....,
........7......1...1.6...4.2.3.8......9....6.1....47.99....1......7269..34...8..6,
.2.7......9...4..7...62.4....9......18....2........9465.12...9........7.4...8.51.,
1572......4...6.9.2...1.5.....4....6.......457........3.......1...92.7.3..26....9,
.78.4..2.2..........689..1.541......9..............67.....8..6.815...9....975.2..,
3.817..............1.8.2....2.7.398...9........5.18...182.4...5.732.51...4.......,
1..5...........3...5.6...8.....3...64...9..1.6....1.93.7....9.4.3.1..85....9.5...,
....4.98..8....61...........963...5..4.6...3...8.1.......594.6..6...87....416...3,
...4.658....38......4..9....45.3.21...1.....6....5.3......2.4...3...8..2.6.9...3.,
39..2.........56....2796....73.4....2..9.....864...2.94.76.......9573.........8..,
5..8...67..4.3.1...2.67.....18.....3....6.41.2....1.5..............48.....3.5....,
.....4...2.4....6.1.......5.1......66.2..5..9.5..97.1.4.......2..178....76..5..9.,
9...2.3.....9..6.56...34...3....94.......7..9.7...325.....7...4.4...5.7.......1.2,
.5...92489...1.....8.........6..........7..8....2.47..86....52...24.1..........94,
286........391.2.6.............864.9...79.1..6.4..3.7.7..8......62..1...1.......3,
8...............6.7.45..9..6....7.1...3...58..4591...7..8.951............3.6....5,
2...1...6751.......6...7...9...35.2.5...8.1...73.62.586...5.........3..2.....6.3.,
...1823.9...6.........94.6...6.314..........8.....92..2.831.7.4.1.......4....79..,
.....5...16.8..2..7.....5..5....26..6...5..8..8...9.....9..64.....541..7......1.2,
87...9.....647....1.........4...5.28..562.71...2.4.......8.6...49.........879....,
2.8..9....5.3....8..1........317.4...4.8..9..7...9....31.7.........4...19.2..8...,
.4.6.5....283...5...9......4..51.9....1..2...6....8....95...62....4....8....9....,
.....1.....6.5.127..54....84...6...2.987....62.75....4....4....8......4....1..76.,
6.............1.8.1...9523...7.285...1..6.39...5.....1.....3.2.5...........8.2..7,
...6.91...7.....4.3.5....8...43.186..6...8..55.7.4..1...8......7...6.......4.....,
5.8.9..........463.3...........5...7.74...8..6..8.......3.41...1.5..9....4.375.9.,
......61.74..5.3...2........9.1..4.3...3.2..6...9.....6....7..22.45....1.7...39..,
...2.9..66...48.7..83..7.9..21...........4.19.78....6..34.71.....6..2..42........,
..7....18.....3..6..586....2..58........2.......4.....3.1...4.26.....87.4...3816.,
.....43.....6...5...231.7.....1654....14.82...........8..7...6....54...7.1..3..4.,
....62...............3..568...7..6...526.13....8.5...1...2......7.59.2.6.8..1...9,
4...758...5.......3.6....4....2.......9.......3.486.......6.42..7.3.45.9.6...9.7.,
.53....7.7.1....56.46..............1..9..7.3....8.4.....534978......56...3..7..9.,
...3..9...2............5.1.14......7...7.6....5...2.4.4.....7.1.3.45..26..6..7.5.,
.....68...6..2......53......42....695..4....8.7......38.9.........5.....3...67.2.,
.2...97.6..9...21.....1.......7...3.5...3...2.....28.975.3.8.......6......8.51...,
...48..2.7453..91.3........8...4.......1..........5.49...92.1..2.98.14...5.7.....,
...7235....65..........1..2.9..1.2.......5.34...9.7.61..7.6..2...91......543.....,
4......5.35..921...2.3.67...6.1.5...9..7...15.3....2.7.......2.....1...4...9.....,
...5.7......9..3......1..649.12..4........293..3...........21361...3...52....9...,
.........1764.5.....5..16.4....1..579.2..6....5...8....9.72...54.....9.....6.....,
..4..619.....34.8...85....3.8.....34.9....75..6..........3...1.7.9.4.8.......8..5,
2......3..9..485.25.7.................2.5..8.43..9..7.9.....35.....65.2...6.3..4.,
...5..63.9....38...2.....9.......7.2....92.8.....8634...9..4.6.48.......6.7......,
.....413...3.8..4......9..7..........1....38......79..6.94.8...47..135...5.7.68..,
.95.7..1.2...4....8....9......41...79..2..4..........8...15...9.....23...579...21,
.6...9.5.3.......62..5.1.9.....53...6..2............2.92.6.5.34..347.9..7...9.1..,
13.4..59.5..3.8...9......6.....4....8.25.6...3.........1..3...2.........6...598.4,
2.3.5..4.516.2.....49..8.......8651......5....9.14.3.2.5..6...4........6..2.1....,
...38.6......9.2.5..5.2...4..2..658.9.......1...83.....1......9....4.1.83.4......,
.64.72..37..4..6...38.5..2.2.9..47.......5....7....9...5....8....6...2.....5.9.6.,
.57..2.8.2...8......9.5..3.5..9.....1.3..........2..9...14..3.9.....1...78....21.,
...1...63.6...........3...8..63...8..8.5..7.4..4........1.75....7.8...1..93.4...6,
..526.19..3..1...4.....9..6.9....6......5..1...83.24.9..2...38.....38....1.......,
...3...9..4.5.....35..9.6...39......18.6....36...2........1..8...42.5..952.9..1..,
.......2...4....3.5....7..9.7..3..8..8.6..3.2...9...4.........8..5.9.7..369...4..,
...73..2.3.......4.......96..6.4...2.8.....375.....68.9.5.8......437.....6..52..8,
.1....6......15.499...6.......2...51.....48...4.57.2....5.96..2...1.........279..,
.......2.4.....6.77......84..9..5.4.38..9..5.2...8.......9.......52637..6..7..2..,
.4.6...7..37.12......49....28.93.6........8.1......32........9.3.8.2.7..6.....1.2,
8.7....5.1.4..5........8..1..5.9...3..3.....2.9.57.8..2.8........912........34...,
....8.6....5.....2..2......5...6...8.1..37..634......5.2..1..871..3......7.2...4.,
529..3.......9..1.6....5..33..5.6......781.6.16....5..........2.7...9....9.8.76..,
4..6........482.....5..1....5...7.1...6....2.18.....4.....13...31....6528...7...1,
..6.5..3924..........36....7....9..6.5....2.....2.4.9.........5...1.632...7...94.,
....2.......7...9...3...87.........29...62.......51.3..1..9.7..6...189...3.6...1.,
....35.9.1.369.....5.8.7..1....8.4.5.9..64...8..71....76.4..8.....3..15..........,
1...74.......5.......9...8.....61..2......75.8.4.....9...5.6..74.72...159...1...4,
..48..92...6...53....7.4...3.8....6..........657..84..8.......54.298...6.3...6...,
.5......8..2..7..5.....176.16...8.2..781..9..9....2..........3...7.2.........9652,
.9..8..35.7....1....5.9.....32....7....15...3..98...212.73.....4..7......5.......,
..54.3.......9...8......72.3....7..4...8..3.....5.1..9.......4172...4.3.8..2.....,
....5.12.21.....96....8.....84.97..1..2.1..7.......8...6...475.....794.2.......1.,
..5......9678...........9.4.4..1.7....8.3..15......8.9....4..675.6..71.....15....,
8....3...6...58..1....1....5.984...3....91.6......5....957..3...7....6.9..4...71.,
....4..32..7..2.656....8....5.92.............8.4.75.9..86...9.....4.....325......,
..18..6...8.2...495.74..8.....6...7...........6....2.1..4..97..29...4.6.....1.9..,
....742......1.........2....27.....39.6..87...81..9..4......926.9..8.4...7.2.63.8,
..7....24...38..7.48..6.5.3...64.....2.........3........2...3......17.425.1......,
.5.281........968..2.6.7..5.8....52........9.......1.7.........9.75....6..5.4.7.9,
8...........7.46..7.39.68...7.32...6.3.......2.48......95..........3..2.6......57,
196.5..7..48..2....726..8....4....68....1.2.9..9.............1.....4...7.61.9..85,
7......85.2..7.4....5.3....9.8...7..........3...3....9..1.25.3..4..8..5..5...1..4,
4..1.829.8.5...41...7.....57.6...........264.....4.8...9.......1.2.6........7..24,
............3.5...4.......9.8..1..72...2.9...1..8..9.423..7.58..1...4.2...8.....7,
....4..1.48.3..5.6...5....3....2.138...41.7..3....5.6..1..5...42.............63.7,
.6.9.32.8...6....5..........7.3....939.....8..2659..7........47.4...73..9..2.....,
2......89...6..5..7.8..3.2.....516...96.3....85.7.....637........9..8...5..3.....,
5......2..41...........5.8.4...73..5.78.5....3..21..7....8.1...2.56.4.17.6..2....,
3...5...1...2...........3.29564...8.....8.....14...5.9.6.1.....2..9.3.4..9...21..,
..3...4.97..4......5.6....7....43..1.76.1...53.....9..6...21...4...5.....9.36..5.,
..9.678....7..1..525..8..61.2..35.9.7.6........1..6.8.16..29......3..............,
5.8......19....7...2...9.1.......5...149..38737..4.92...7.....3.8.7..25.9..5..4..,
.7...6...4..2.........1362..13...59....5...3.5.7...4.2...4..753...9..2....4.5....,
9..5...3....3.2.1...........68.2......968....5.29.....8.......6.41.9...52.6.1.48.,
3.9...74.62.............1.328..9......1.84..9.4.......7.....4.....3..9.1..6...27.,
3..9..1.254.3.....9.8..5.7...5..1...47....93..3...4.27......8........2......53.1.,
...95..6..1...6..75..7..32....1..5..7.4..29.................7...62..1..4.9.2.....,
96...8..7.72.3...8..4.1.69....9.2...8.........9...6.71.2...1.............1..2346.,
.7.98.........4..7.9.1.....3.1....2.8....6..1....4.....328........31.7.66....7..2,
9.....4....5...1......7.9....6..4.....1.6.57..9.7...826..4.2.1.54.6.......8..5...,
...6....7....7..1.......9......6...9..8...1.5..35...4...5.34....34...8..6.795.3..,
6..5...2..5..86.9.7...9..3..2.3.....51..7......69.....1...3.2...3..29.8...8..1...,
.....86.2.9.74......13..98........13.....1.6...3...8..9.2..........69...76.813..4,
.4...87....7.6..5.....93...4.....5.....8..69....3...8..68.3247..92..78.5.3.......,
.478.....9...3.54.......1..5.2.9..........65.68...4....65....2.4..1...78......9..,
.1....39....69..1.6...14.8...68..13...32..5...489..2...59...........8.2..3.......,
.4.25..........4.8.5.......18.349...4....7.8.5....1.....27...9......27.33.....1.5,
....985..58...462..24....1......9.....7.....1...81.....5..6.....1......68.....7.9,
..7.8....29........58.7.2..5.21..96.1....65.2.6....4.7.4.5..........8...81.4276..,
7...681..1....73.46.....5...4.39....8.......95.3..............3...5...8...79.....,
82.5.6.....6......4..97.8...6.3......59......2.7...6...8....36.....87.25......97.,
1874..32.2.5.8..17..........948...51.....384...1..52.....1......7.......9......7.,
.5.....36...1..7....6.5.8....7..3.......9......37...1..4....5.873.4...919....83..,
.1...73496...5.......1.9..52.5....36....92...47...3.1..4.7...2....936.......2....,
..8..235...5.....8.6...19.....6....5...3.9.....2.7............6...75.1..2....389.,
..9...4.2.7..54.91...........8......742..8...5..9.28....51.9..6.2..4.1.7........8,
....9....4......3..3...624.........3.17..962..6....19..4....7..179....6....68.9..,
....9.1...1......2.........6.51....328.7.......1.562.8..32..5..1..5....7...6.789.,
3....56.......2.8.8......1.....21.4...147.3...52.83.7.....3...1.3....7.25.....4..,
3.9....7..7.1.3..2...4..6.....8.64.3.2.......49...1..8.4..........3.....8.12.....,
8.36.......9..........9.3.......97..3...6..9..4....538.7.....2...45..97...2.73..4,
.....69..7.........21....7.9.....2..618..2..7.75...68..9.6...13...85..6.1.......5,
.5.2.76..6.......7......53....9.81.61.6.......38.1.....7.3.....2.586......1.95...,
.79.6..81.....763.4..........4.8..1.7.........91......15.4.8.7....3....834.9.....,
.7.15..32..5.6......4..85...5....2..7...2..8381..7.....4638...73.............6...,
...94.3..5.32....9..2..3874..8..27..49......17...5........7...8...4.5..7...3.....,
7....523.....8714.6..........4...........3..8.728.....51.3...2...6......2.8.51..4,
6.18.....3...6.17.4.7..15..7..4....5......91...3.....8.......4..48..36.95........,
.26.........5.8....7.....9.9...63..2.5.8..7....3..4...5....2...7....54...49.3....,
6...58.2..3..2...7.2..9.3...9...6.1..6..3...58....1....51.8...3....1.9...........,
9..16.......7...3..63..9......5......16...3.738....15.....7......7...8236.5...9..,
9.15...7...416.....568.9.147.......96....2..51.97...8.......8.....6.8..14........,
5.3....61..9...5.....1......9....632...92.1.8...3...7......8...1..7.6.23....317.5,
.35.......4.62....2..1.9..35.437.....7.......6.39.5.....17......5..4.3.1.2....6..,
.8..957..7..3..84....4.....1....35.75..7.6............9.15.743...3.4.6.5.4......8,
..85.2....2...8...5.......6.......7.2...5......74.63......8.2.3.6...3...45.7.9...,
......5...9.4........7......7.....1.56.3.92....2.7.69.7...2...44.91...........163,
.....3...14...9.......6.8413.62...1..8...43.5...9............2..6.5......5..21.3.,
1.58....6........8.3.129..581.9.2....5.31.....2...8.4..82.....939.2.5........4...,
..84..1............5.....7....5.76.3..18...5.3....4.87........16..9.5.4..976.1..8,
..32.16..9..64...........71...9........51...6...4...2.63.....97.74.9...5.5....24.,
......17.9.......8.41...5394..7.8.5...9.4..8.7.6.95..416...7.9...7...841........6,
.1.926...6..3......42........4.1..72.....49....573....3...651....74......6.......,
..7...5...5.7...2...3......3.....8..5.83.16...26...19...9.73...1...6.75.6..2..9.8,
...9..5.4.......31.5..4..........61.9........6.51...87164..5....9.7.....7.3...9.8,
8.4.3...1......54.15.6...2.37...5.1......3...6...........75......24..8.34....8..2,
6..5..9......891.3..4..6..5.......31..31..59.......6......1.84.....7.....95..8..6,
.4.....699...684...1...9....783...4.6.1.7..8.....2.3.6...2.3......4..2.3.......9.,
9..6..8..1...8524.8..49..5...........1.......47......5..6..1.7479...65.2.54.2.6..,
6...1...278........42......82657..4....2..7.3.....1.5.5...8...71...5..8..7.....3.,
.82.1....1.......7.59.....3.3.92.4........359....8..2...1..5...9......1.54....9..,
27..13..9.....5....3......7.8.17.9.2.........761.....8..3.9...6....8.791....6...5,
648.35......48.........9....9............157385.....4..1..64.5.4....3..95..1.....,
..6.5.........1...........2.7.....1.5...698....1.8.5.....824...8.5....96..4..5..7,
....298..49.....5.....45.1......1.......8..7..8.....4..4.........875.1..5.186..2.,
...3....2.....9..6..257.3.467...5....59..61.7..3.......9.2....5437...6..........3,
....6...2.....5.....6.37.9.5...2.1.3...1.9...1....4....65.43..9.4.79...623.....4.,
.5.48....2...93..89..6.54.77..24.6.9....7.......3..2..6..7....3...8.....3.9......,
.8................7.2...1...61.4.72..3.6....5..812.3...7.51..46456...8.........7.,
......32.....9.......3....68..6...939....148.......7.1..3..6.....9.3.8.7.27.4....,
.6........8.3....59....57.....891.......4...3...5.7.....4....6861....5..35..894.7,
.47.8..3.8.5.3.1..3..1...7......79......6.......4...1....5.96...768...95....74...,
2.6.1...3...6.8..4.5.....8............7...1..13..2......5..3..8..2....7.76.8.4..5,
.469...7.....3....92...6.....26..5....8..53.....4.82.9..93.2.....4..........7...5,
..2..1.....6..2.488.7...6..7.........2....576.1..85....8.....5....4..9....9...4.7,
..37.....7......5.5.2..13....79.8.65.....2..3.6..3...1..9..718..2.3.......6..5...,
..69..1...8...7..315...894...9...5.....3...64...18..9........76.6.....5.3....4...,
...8.64.....3....7641............5.9..95..8...639.....9.61.7.5..1...3....3.....64,
.271..........524...8..6.3....3678.....5..........26..1...48.5.4..2..3.1........6,
....3.1.5....92.....36.8.....5...9...8.56...3...2...5..4.....2..3.9..8.4....843.6,
........4..5.3419.7..82....92.............7......7..4......5..1..87..3....1.4.25.,
5......294.769.31........74..41.5...7.924......67...3..2...6.....19.......5..1...,
....7...9...94.1....1....2....2..31..1.4.8....69.....4...1872..3.6...9......3...7,
..2....8..7.3....1.4.8.6.97...6.....69...7....23149..64.9.2........81..9.........,
5.679.....9...3.....7..2........7....28.4.9..74.....2....578...4...6..3...9....8.,
..8...7..2.....1.9...3...26....84..2..4....131........3.9.62..86..7.....78....2..,
..3742............1...98.............5.8.........2.9..2.1...5.47..6....2..6.198.7,
4.2..3..5..35..49......82....79.1...14.8...59...7...1........2.29......7......3.8,
.283.1...7......2.1...8..6.4...7..1..82....9...7..6..88.97.........14........3.4.,
.....2.36......2...98...7........4......3....4...5...96..72.9.5..5..6.....3.958.7,
.215....7....7...5.....216.1.28.6....7...364.5..2....1.1......36.....4..7......5.,
.....8....5......2.7.....5.63..4.1...4.5.....7..6.24.3..4..7..6..8......5..2.6..1,
.6.97...4...4..9..........8.4...62.....2.8..5.8....7.....1....99...5....4756...2.,
..261..5..3..4.....4.....21.692...1.4..5..........8.....3.5.8....8....6..1..93...,
79......1..4.6...8.........819.2...4...68..7..7..391...4.3...9.6.......7..2...3..,
3.....48.45..9...7..2.5.13.1....7......3...9....2..7.....72.......5.82...3...1.4.,
.6....2....5..6.4..7..45.9..5...7.....4.5....283.9...4......857.28...43.........6,
..7.413.9...83...4.6...5.....967.83..43.8.9....1............51....3..4.8.......9.,
....4.1.8..3.8.6.5..7.5..3.13.....4...53..8....2....1.6..7...2.32.8........5.1...,
..1.......369....7.........3.9.7..2......4...4..2.39.89..7.68...43...2...1.8....4,
..6.4........7..8..8.5..9......6.......7.2..19...5.6.25.4.1...6...6...2.8..9...5.,
1.289.....4....1.3..6.7.........39.7.1......69......3.789.......6..1..........24.,
...2..9.8.2.........8.4...6.47.....9639.75.........76....82..95.....9.83..2..3..4,
.7..2...3.8.5...6..2..3..8...7..2.5........1..9.......1.6.573..........69..3....8,
5.........71.9....3..........26...7975.....3....8..1.2..89....1.9.7..2..2...1.6.3,
8.6.47.........7.....1.............2.7..865..94.......6.9.2.85.2..4.1..775.8...2.,
...4..39...8.....4.........62.9...4.317...8.....71....4.68...2..7...963.2.......7,
...3..6.7.......1.5.2......7..1...52......4.3..4....6...97.32..36......92.1..4..6,
56...93...........7...5.214294.......57............6...2.76....4..5....31...4256.,
..3.5...7.....9...16.28....2...............9.....71.....96..78..128..3..83.5....2,
.......41.....1.2...62.9.....91.4...3..5...1.28.........3.52...95.3....8...8.....,
..549..7..........7.6...1.5.3...9...6..2..5.7.......3194..76.....3.4569..........,
7.......9...563.42...1...5....2..3...5.....1.1.....9.......2..6.293564.....7..5..,
.....2.......9.6.5....632.96.3........4....8...837..5.4.6.893.7.............34.98,
8............2.57.......2.3.3.7..1..7..........4..1.8.2.7...4..68..3..1....1....7,
.2.3...84...6..7......871..27....6.86......5..4.2.8.7...4.....2...41.....5...2...,
..4.9285.9..6...........4...........49.36.2...27..459..4.........8...3..3..8...7.,
6....18...7..5.....12..96...5.......4.........9641....86.9....15..6....2........5,
....13...6....2.3..9.......1..8..5....5..6.2.......98...2.5.61.5.6.7...9.37..9..2,
.3....6...7..5....5.28....16...8........6.75..47..........3......1..7..3.685..1..,
.......1...9.1..4...32.............56..3..92.3..47.6...9.5.......4.21....72.4....,
5............7..296...845...8...5.......2..1.4....1.7...7...64...62..9...9...7...,
5....8..9..7.19.35..1..2.6..........91..8.....8......1.7.6..2....3......1..3..7..,
37.....4..2.8...1.......8.2.4.1.8.9...236...71...97....6...3....1.2...64.......8.,
.7.8....38.9.......3.7..1...1.5.2.4.......9.5.......7...24..........5..1.....95.2,
.3.2.97..59......1...18.........5..7..........7...38.5.8.9.2...1....827..67.1.3..,
....72..5..35....81..8...27..7.1..3.......5.2.........3.1..54..4....9...2...8.1..,
4...178...52..4..7..38........9...83.1.........9..35..987..5...5...3.1.......2...,
2....1..74..5...3..5..941.2..5.....9....8.37..3.....2.........572.....9..9....7.8,
37........61.5....5..3.4......6.1......7...61.5....2.....4....5..3.17..6.2..69.7.,
.49.3..28........1.3..1..9...48.1..5.7..42....1......4.........35.....198.2...5..,
.9.7....8....9.2....3.42.6.726.......3...6..48.4...75.6..9....2..2....73......4..,
36.......8...3.....4.8.2..113...4.9......6.7....791.8...3...61..2......84..2.....,
..1.....9...9...46.8.142...3.......5......612..95.........1..28.4...3.....24..9..,
.1...76....7.......4.3..1..9..2...8....41........3...416.9...7..3..2...98........,
.......1.2895...3.5.4......9.8.42..1......8..13......2.....86...26..1.......3...5,
.1.28.....9.......4....1....2.7..5..8...6...9.....2.1....1.876...5....4..7.62.1..,
.3.6.......82.5.3.6..4..7...8.37...1.2...43.7..4..6.5.....52..8...........1...4..,
.....6....3.......2...97.6........188....49....41....3..84.1..2......3.9..6.38..7,
..243.......8...799..1.648.1...4..3...8.....4...3.....7.46.....2.3...196...9.37..,
86..7...45.18.9....9...1....5....8.6.....7....8....2..9..2..6.5....4.7...2..9...1,
...5647.....97..6..9........746.82.....7458....8.....5..2.....7..5436...9..2....3,
.2.9.718.....13.79...4...2.......83.....4...143..25......1.2...5..........9.7.34.,
4.36.987181.....5.......3..14.3....93.6........9..4.....5..6.47......1.37........,
..8.1....3...6.....2...419.19....6.7..71...23..64....9.........64923.....8.....3.,
8...74.6.2...361...6..8..7....1..2....1..8..3.2...7..5..8.....4....537.......2...,
1.54.........2..8..2...6....5.19..3.3....26..941.8.....1.26.....96...2.3........8,
...1...38...8....5......7..57......6..2...81.........3..367..819.85..2....6.9....,
.3.45....2.491...............1...2.4..5....76.6.52.3.9....97..1.......67....3....,
...3.....2..561..........71......6.....714...5.7....4.6.51.2..8....8.4.5.....63..,
3.....2...6.........7......9...75...143.6..7.2....93.6...5..4....9..3..1.2.4.7.9.,
..27.........1.28.....5...45..4..7..348....1....6............58..5.8.....1.....37,
963..5.....541.6.......7.....2.....41...94.3....17.2......4....75...6..1.......7.,
.....15...5..3...4...65..329..4.6.2...13.8....8...9...3....4...64.1......92......,
....35.....3...2.4...1...9.2.....4....59..3....1.54........18.....48.6.26.9..2..1,
....8....4.2.1.....8.3...1.1..2.37.....5.....74......981..24..7..58..19..........,
......7...71.9..2.....6.3.9...4..6.7..3....8....9.7....142.........169.36....8...,
1..795.....7....5......1.9..2...94.3..15....7...12.....4.........28.....83..4...9,
.....4..5.916....8.4...3.....8..6..7.13......7.....4.168..35.....7...5......7..69,
36...1....9.....4.8.2...1....4.9....1..8..42....1.3..9......5...1...593..26.....8,
..31...4.91.4.........3985.3.....7..18..53......61..8....5..........793.5.....67.,
.8.....9.....6132....4..7...........6.......48...369.....1.7.4.71....8..34.89..6.,
.7.......5.86..73.6..1..8...9..2...81.6......72.....5.3...5....951..........7...6,
5....8.2....3......3..7..5.1932.........1.......5.4..7.728...1...1..2....4.9...3.,
.1....9423.61.....92...73......3....671..2.........6......6..........4757.....21.,
6....2..95...8....3.4.5.21....4.8.......1..3....6..5...8..4....1..2...9.....3.1..,
.7.5...4.941.3.5..3.......27.964.....64..3..15..2.9..6......7.....9...2.....1....,
.2..3..58.5..6.93.3..8..........1.6.......4.5...2..1....8.2......56....4243..5.89,
..75..1...83......29..8......2...........6....78.3...6..5.2.3.8.....57.....3.9.25,
.4.32..7.86........7....2.9.......4.7..94.3.8..58.6.9..............7.8.....2...36,
..97.2...............51.....8..25.4..5.6.1.......8.1..6.2...7...752.4..9.18.9..6.,
.....2.97..2..1......9.......51..4.....574..6..9.2.3...4.7......316....5.......63,
..1...3256.79......2.4.1........4.1.......7.9........3.9..73.5.5.6...1..4...56..2,
97.1......26...1.8..1.........57.......31.6..1.8.9..23.9.7.....5.39...........2..,
....3...8..6..9....9.12..3......5.......1.....2....68...34...159..5....2..5281.6.,
..8..3..1...2....3.........5......4..2.5816..9...3.2..8..3.....2..4981.6..6..5..4,
1..7..2..3.4....5..96.534.1...2..1......7.5....51.........9..3......6...41......2,
.......3847.938.6.......4........57.2..3...9.5...768.3...5...29.....43......8..5.,
4...5.61....847.3...........6....87.....61............3...1..5761..89.439.7..4...,
.231....6....56........357..59....1.2...6..8.......9.5.918.27.........2.........8,
........92.894....3.47..2......2.39..8..7...6...48..7.....3..81............8167..,
..4.......5....134....3159.79.1.2....26..5.......9......5.2...6...6.....1..9.4...,
..176..8976............47........2.8.12.........1...9.2...7....58.9.1.7...48.2.5.,
........26.1.......8..7916...8..1.937..35.6.....7.8...3...1.......8..53...9....2.,
....435.....5....8...829...8.7..5..2...9..7...4..1....2.8....4.5......3...4.31..7,
..........7....4...9...5.....6.3..1.9..62....4...9.65.2...1.7.4.49..3..11..2.7..3,
.35.76...7......9.......3..4..8.35..85........9...4..1.8......46..4...73.....71.5,
.6.1.4....5......78.....3....7....6...284.....4..6.8.21..2....3........8.....14..,
9....2....86..7......8......31.....6.6.2...5..7.9....8.98.7.1..1.....3...5.6.9..7,
.6...........2......76.8.5..7.3..52..2.47.3...58........18.7.......1.48.5...36...,
.4........6.8.23.......9......3..4.......65.958.7...6.97..658..8.2..3........7..2,
.6..1.7.2.8.26....9....3...2...4617.4..78..6.3...2.9.4..4...6.........3...7......,
.............4....2468....7.....3...1..68.....7..2...5..87..6..41...573..5.....14,
....1.........63.43.....1.78.9...........36.1...2.7.3..2..49.8...68.....7...6....,
..82....9.31..98...9......2...3...5...35.826.7..1........8.....8......1....7.13.5,
.3..9...2.7.4...3.4....2.........4..749..8..3.1...36.....26.18.1......64....1.9.7,
5...18..7.1.4.......8...96.......2.9..67..1....4129....5986..2....942............,
45.....9.......8.2.98......9.....3..5.7936....64.......43....2.....8...5....276..,
..1..5........376.7......34...198...56....9..4...6.......4.7893............9..14.,
.2.6.7.34.....8.1.....4..7..942.1......48....7....9...2.......79.81...261...9....,
34......2....4391.9.7.....8....8.......2.....5..7...89.1.5.2...7.5....9...2..817.,
..2.8.9...7..42..8....56.721.8........742..81..917.6....1....4..4......9..5......,
4..6..7..8..5.7.......9.......9..6.4.49.....33..7..2.5.....3..7..4....2...6.584..,
.6783.4........8...1.7.2.......53......268...2..1.......2....755......6...4.7...1,
..9..46.7..7....9...5...21....1.9......8...5...2...169...9.7..14..5.678.....1....,
3..845.7.6...7.453...........6.....5.......9....9.7.34.2..6.7..........99.7.2.3.8,
.7.....866...........5....915..4.9..8.9....7..4........9.8.1.27.8...4...4.176..58,
..4.5...8.26....9......1...9..8..7...6....8.17....2.6...8..9..4...5.7....9..6....,
6...1.5...71.2...48.......252.....36..6.7.......35...726......3..8...1.......4.7.,
943..1...7...3.....1.......6.79...81..4.83.72...6...4..6.......1....29.6.3...6.17,
.6...1..43...4.2....127....5...........1.7.........3.6...6..495..931..2.65......1,
........5.96....3...3....9.4.5..1..7.21.76...36.54..212...5...6....2..146.4......,
.639...5..7...3......8573..7...4.....826.9.....5...924....3.5..95.............4.6,
9.8...1.67.5..6..9..6.2.7..1..287.9....6...3.....5.......8.2...3..519.8.....3....,
..4.6...9.........6.5.....816...53...3...48......2.1...5..8....8..4.12.6..9.3....,
.31.9...7..2..8.196.8...........2.......3.5....5..739.7...........7......6...18..,
.64.97.8.9..26...1.785..2.......4....816.........7.126.....6.........5..4.5.....7,
789.3.2.......6......9....1.6..87.....8.1...6.3.6..94...38..4.....7......2...1...,
..1.927.............267......9..4..1.6.1..9...3...6..2.........5.7.1..46...4..315,
....2..4..54..67.921....68...8.1.29....8.95.....54.8......7......7265...6........,
......74....17...2.8.3...96...29.......8.....2...17....7...3..8.2....3.961.4...2.,
..4..89....2.463.7...3...56....67.......5..92.........478....3.5.9...2..2...84.7.,
.8..6.9.4.37..4..6...8...7...3.......9............5.........8..96.18.35.1..39..47,
.2...598...6.1....7...3.5.6..1...62.2.85.......389......2.....96........8..9.7...,
...6...7856....2..2...836.........3.4....5.......7..658..2..49...27.....79.3.....,
.7..8..9.3.9....1.14....2.7..89...6....67.......8.27......64....17.2....29.......,
.9........8...4.2.....736...62.9.18..3.....6.1.4...7........8..2....73......2.91.,
..6...............9..7..3...2..48..68...27..9..9.6.............58...4627.42.3..8.,
4..68....3...4.....26.7...88.....2..5....4.....7.3....9.....564.8..6.32.2....9.87,
.........6..72.194.....9..6..........1.9.57...74.6..21....7.94.12......3..56.....,
..4......7.92..3.1.2...1..7.4...91.89.8.3..6.17..24.......4......73....4....8...3,
.47.........86...939.....52........5.6...7...52..34.8..........8..64.....75.29...,
2.....9....47..26.........3....75...9..6.4.2...6.....849523.....7.49.....6...8...,
.9......2...28.34.........5....2......29..8743..7...9....89.4.65...46..9.....3...,
16.5....24.2..179.95.7...3......5..4...6..........9..621...7...7...2...3.....41..,