.4..5.9.7.6....2.18........5....8.2.6..4..8.......5..4.....71..7.8.4.6...918..4..,
........3.2.47.6..3.....7...1.....9..4261...8873.....2.6.1..9.......9.......362..,
..72..83...6.......2.4.8...6.3..2.74...57.9...7.3.65..9.......8....9..45.........,
..6..571.....3.......8.1.52..7...1...9.5..........2.76......8.3...39..2.8....75..,
........1..4.59..7.....4.5..8.1..3.5.1..439....78...1.3..7.1.46.....6......43....,
..6.....32..1..5.85..6937..92........5..7.42...7.........26...776..3.....3....8..,
3.....6....4.......6...8.318..26...97....3...12.9.73....3...97...........7...9816,
98..1...7.......5..7.3..2.........292............7.3.4..4.2.1.85..14..9.1.3......,
...2.9..5....3.....16....92..14..9......28.5....9....3.846..1............69152..4,
3....8.1..186..3.96..4....2...519..32.......1.8.....4...4..6.....1.45......39....,
.4..1..9.6....248.....7...6.......4.......2..8..6...7....7...1..51......72.84..6.,
...2....5.6......192.6..8..6.......8..17.694.2.941.7..........77.....46.....2..5.,
47........319.......5.......6..7....8..63.7....4.5......81..3.7...56.1.4...79.6..,
.....8..5..59..6......6.92.8.4..5..75..4.1..6..7.......12........6.5...4.......8.,
1.3...4...7....86.....12....3.286......14...6..........2..5..38..53...1..8.4.1.7.,
....4..75............58914...4..2.8..9..1.......4...3.93..2.7..4...719..28....3..,
.1897...3...............8.5..1.......694.....53.......38.....7...7.5..9...471.63.,
..81..3.2..1632..5......1.61...8....632.5...8.5..96.........6...2..15......7.3...,
..4.....1753...4.......27.......82.....7.58...862.1..346.......132.6............7,
...........23....8..9.7.213..7....3.18..937.2.9...15........356.6..5..91.....9...,
.6..4..1...3.5.27...56..4.363...7...85.........4.2.....1..85...3461....5.........,
............1479.2....25...3.576..2.6....3.....1.9.37...3........26...97.....45..,
..3.....6......39...6.7...23.492.....57.8....29....74.....6.584..9.5.62.........7,
.384...962....915..1.2.63..1.3..2.6.59.8...1.........8.2...1...4.6...............,
..1....746...7...8.3........1...4..3.6....54...8..6....4...8.1....5.....8.3...2.7,
.6..8....4....91.27....186....3.........7..2....8247.........4.2......1..38.9....,
8.5..9.............7.....6..98.67.2....25..8.........472..8..41..1.2....9...467..,
..7.4..3......82....21......4.....63......1..3..6..7941.43...2..29.....878.2....9,
8.93.5...2..1..63.5........91...3....5.........6...94..9.64.21...85.............6,
.2...36.......29.4.3.61.5....3..........5.1...5....4..16.82........34.1...4.9.2.5,
2.39.8...6..4.....7.413..8.8.7.2.4.3..63..2..........6.....61.....24.7.........4.,
9...615..2..7......6...5..7.....4.......9.1.2....1.684.9.15.....8..2.456......9..,
......9.68..6...2.5....1.4......8..5...4......2.9.......98..1..68...2..441..7.5..,
6.3.9....4....2...2756.........897.......6.8...847..35......4.....2..659.5...8...,
...96.......5.4.8...68..49.....4.2..4...2......56.....7...91.6..62...7.184..7.9..,
..5..4.7....5.....1.....43..8..5...6.....67....2..3154..87....1.7....8..4.1.3....,
.76.5134...1.93......8....1.8..1..9...7.....65.3.4.....54...7..3.........693.....,
..2..9...8.7...........69.2.5.8.14..9.8......72.5.......1.6....4.....8.....2...15,
19.6......3.4....8....7...9........32......6..7......14....3.2761.2..9.47....8.1.,
1....3.48...5...63....98.....1.54.7684..69...6..1.....9...4.....1.......5..381..9,
....2...8.19..527.3.......5..72..5...3..97.2.......6..5.8.....6.615..9...2.......,
...6.1.2...1...3..43.....9......9...1.4..29....7.4...8.....4.7.9...6......6.....3,
.9.....4..46.8.3....2.3..........8.66....2.9..8..5.27..257...3.4.35.......8....59,
.....3..9.63.....1.2.6..........9..7..6.1.35858....1..731...5.......1.732...5....,
.2..6.5.4.4.....6...3.821...65..9312..2......1......9.......6...3..24....195.....,
..5..9.8.......1..69.5......24.6....16..5.7...8.....6...87......4...1..7..1.24.9.,
.6...1..9.58..3..7..7...41.....5.741.1....5.......6.3...5...3..67......43......6.,
.......8...2...1.3...7....44.76....25.8..7...6..5...1.2.631.5.......82.7.........,
84..65.....53.....63.9...4.2....3..5.9....6...67.4......9.7.38......8....2.....6.,
..1..3.7.6..4.93..4...1..9.2531..4.....5.........32....2......7..6..7....946.1...,
...82........3.5.41.9...2....8..4..3..178....59....4...8.24....9..1.....3.2..9...,
.4.........9..15..5......6...18.54.....3.6...7...9...8..7.4..8946.....7..3.6.....,
.52.4..9.8....65.....71..4.9.1.....7..7.....5......8....94.......51..6..6...5...2,
.7......25....4.....26..5......2..851......474.8..12..29..5....8.......4..7..6...,
..2..48.9.79.86..........758........4.72...........1..2..1.5.4.7...6..1..6..4.95.,
..7..5.2........54...972...2.8..6..9..4......71...4...4.51.8...82..69..56...2....,
.23..954..481...2...5...9...7....31...2.1...7..187..5...9..5174.........4.....8..,
.2....8...9547...27.38..15.......5..........8....4..1.3...1..4..72.5....9..23..7.,
..4....7..5....19673......5.....5..4.....3....46.......2..31..7...9.65..59..4.3..,
98.......5.3.4.7.9.4....2.3.....2.7..6.7583...2..9..4.2.........5......8.9...34..,
8.....2.......9.7..2..4.....6789...4...32......1......7.31.26...4..7.9..1.6...7..,
2.........8..3.........891.....1.5.......6.39.4.8..2....4259...32....6...59....8.,
.38...61...2......67.....3.9...8.3.626.3.........7....3.9.21.......4.....4.7.628.,
...9.....12.....5...8.5.97.......1.........6.2..316..5..1.826.9.6....8.39........,
.7..15...2.86....7.5.....9..831......1......56....28......6..3.9...37..2..5..9..8,
.5......1..6..49..29....4.......3..53.....1869.1.......6...9...4......38.138..6..,
82.5.......97....2...93.56.3..64.9..9.......3.76.........4...9......738....2...57,
6.....8.32..............425..2.....78...1....51.....36....87...1...35.72.6.4.2...,
...9365....95...2.6....8..73..8........6.72......2.97...7..........69.4.......3.2,
.............4138......8.479..4238....2.....3.1...7....97.8.43...197.6...4...6.2.,
.9.......8......2.3.49.....2.........48..9......45..81...3..9..4...6825.162......,
.1...2..5.3.71.8..2.85..1.7..4...5..9.....4.2.....3..8.5.............79..9382...4,
...........57.3.9..7.62...3....4..1....9.7.4.73...........1.5.221.3..9....6..2.31,
.1.42....29.5.17....4..9.........32....298...1.....9....1..4......7..213.5..8....,
48..1....6...7.9.2..1........8.....737.....2......9..67.4....8...6.3.27..2......3,
7.....14....64.5...9.5.8.......3.6.......691.3..41.....3..8.4.........3..45..98..,
.....3....962....3.4....98............3.8549.5..43.8.7.5.6...7............9.2.6.8,
.3..9.....2.4....9..7.314...9....7.42...86...8.19..............38..246...19.73...,
49......2.73......6.5....1....3.71.9...........6..2.4.....497.1.57..34..1....6.23,
46.9...1.....2..43.52.3......13.5..2....91..8..628......4.59.3.9...1.......6.....,
.....689...61.2.43.738.......1.4.....6.....249....3..8....9.....196....2.4......1,
...6....3.7...1...5.6...7..7.51....4..2.......6...317..24...9.1...3.9.65..3...4..,
....8..6.874.1..2....7.......2564.8.............271...4....5..956.....1..87.2...5,
...8.........6..4.....7.63.....8.....8.7.35..7..2...6.86..3.17.5.......434..1.28.,
.71..........31..8....82.6.2...6...........976..3.8.1...6.1.2..7.......1.5....37.,
.4.....969.6.8231..5...14..519.....2.3.......2........1.39...84....2.....84.6....,
..7..82.1.8.421.5....5......1...95....9.8..725.....3..1.3......8...93........79..,
6......71.....1..3.......8.19.5..7....3....65..5.7.139.3..652....6..78...5.8.2.9.,
.9.346......1.......5.......1....9.5.5...4.388...256.4....9......4.6.59...3..8...,
.2.5.......6.2..1.3.........1.6.....8.9..3.......8..6.....3..849..2.4.535...98...,
..6.7.4.8.91...3.....39..57......67.....8.....4..3.9.5...94......4...51.38.......,
...5.49...4......2.3.98....1.8....64....1.3.....4.......38..146.2......8....91.5.,
...2.78.....9..2133.....4....2.6.....6.3.....8...4......9.....4..4...1681.....72.,
....3..4..2..8...39.4.....2819..3.....7..8....5..2...7.......58....17...3.5..42..,
.8...31....4..8.3.3....7..9..9.......32.7..61..6...974.7.9....8...8...122.....4.3,
9..7...3..7.1384.....4..1........2.6..9............81.8.13.9..4..3.4..2..6..1....,
.....45...2..1.....1378...........81.......5...157..93.48........5.3.7.9..7....4.,
4........87..1...4........715.4...2.74..2..3...9......31.8.....2....935..9.14..8.,
....41.65......1..5......9...6.......4..9...6....8453.8..........586..4..91.5..78,
..17.......9......76..5...95..127.......9.......4.6.....2..5.1.1..94.75.8..26.4..,
...56...81..9...53....329.19.1....7.5....32.......8..623..7....7.........9.......,
..5......81.......327.....5.....178...8...3..2....3......6.41.35.17.8.2464..5...7,
.....8.1.4.7..3....3.79....9..3.........5.9.715..8.........4..15..17.2....25.9.4.,
.36....1.....25.....5..6..9....182..8...9....12.5..76...3...9.5.....7........1.3.,
6...38......69...1...1...7..7.2.4....93...7.......3..241....62778.....4.......9..,
531.....2....8.6....2....5..6.9...387..8.652...5....9.......16....5.2......7.....,
......2..4..56..79.9.4.8.5..7......22.1..5.8...8...6.4........568..7....7....4...,
..3...9...2..46.3.4....3.6....9..5.2..531..7.......19...7.6..........25.3..1....6,
..623....1............8.4.3..2.4963..18....9..6...8.7.............723....73..6.8.,
....5.23.6..9...7......2..6..8........6.84..2.7......47.45.......96...8...3.4.5.9,
.5.....6...2..41......2.9.4.138..5..8.............1.....1..623.4...39.8.9.62....5,
.18........9..5.245...89.3........4.2.....396....1.5......2..6..3....9..9.2.5....,
..4...2.38...1.......5...1.....6.78.25......6...7..3.5.43...6..5.8..6....6...7.4.,
.9....1..3.2.5.......3..4.58...1.3........648.5.......2.........431.5.6..816..2..,
6.9...5.14.3...67...5.2..3....4.......6.73..9...29.3....2...1.....7.6...7...1.49.,
....3......4...7.5.25....9..82475.1..91.8.2..5.......3.....2....59.......4.753...,
....2.73.79.6.3.1..1.....89.6...1.5..8..6.2..1.....9...3.5.7.....1..2...879......,
....6..9...1........952....8..9..5....6.127...93.........7..8.21...8..5..5.6..37.,
.41..8...8.....5..2..........94...6.....1..5243..5...8...6.9...3.......4.96....8.,
1..7....36..2.4.91.2......7.......39..8....6...36.97....6.8.....3.1.......9...4.2,
6......9.3..4...6....7..2.15.1...73....9..........1.46...6.9.......42..3.6..7..5.,
.96......18.263...3............382.7...1...9..736...8....84.1.62..3..84.....2..7.,
7..5.......5.8..26.83.2......14..........65...2...8...1.76.5.........7..5....34..,
7.9...8.....7...4..5.....3...34...129.....5....51..98...493.........5....1.8.....,
..3..1........3.7..816..9......8.3.7..6.....8...7...9.2...3.5....7..8.......9..21,
.876.....6.3.9........1.......2.318...8.7...3.3.1...42.76......9...4......43..9..,
613.........3..27.5.........35.6...........6.4..1.85....7.368...5.2.....8....532.,
51.37.8.....4..56..9..5...3..........4.89.....37.4.9...5........84.1..3.97.5...4.,
....64.....39.5...........5..937..5..4.....8..6..42..7...7265.....5.8.76........2,
..4....3....8.51..2.8.3...6........5..2.....46...1..8.8.652..9..4...6.2.9.3..1.6.,
.....67.2.3.8.5...2........6....82....31...78..5...9.1.187...56.6....1.7.......8.,
.......1.6....12.9.........1..6.......5.2..9.9.8.157.3..9.87..6.13.9..728....3...,
8...5.7.334...9..6...................5......8.....4.7.1.8.9..675.381...9..63...1.,
...95..7..8..72.9..3........2.8.....5.8..3...1..2........4..35.94....78.....28..1,
2.6..7.3.38.9......946..7.........26..9..845....4.......58....26...9.3.....27....,
...4.392.6...19.5.......1..15...4.......5.7.....7.6...96..7...1.4.69.5.......13..,
......7.2.97.56..4.....8...8.9..1..7.467........8...1.562...8..9.....5...7..4....,
...5..4.....3..268....2619.3....56....581...4.8..93....1........34...8.......4..3,
4..6....8..78.319......9.......7..8....3..51..8.....49..5.14.7..49.........9.....,
4...6...8.98.......5...7.6.97..5.....8......9..3....4.....8.9.4...17...3.6...9.85,
..9.4...14.1925...3....1..5.62.59..8.....69.....38..6..........58......9.3...2...,
291.3..........2....5..7..9.6..9...78......5.5.....932157.623.8..3.............65,
7....12...45.9...6.........9..........7.2.3.115...674.5......3...1.62..4.34......,
....14.89.9...82.....7....17....652..6..52.4....4...1...95..8...2.8............6.,
8.26.3.7.6...74..........5...38.27.4..........65...8..2.6318.....47...3.....2....,
5..4......48...3.12...7.6....7..3.24..4..5..8......13...3...452........7..56.....,
.51...7.8.......6.2......3..1..87..2.9......3..8..5...3.6.5.....8......1..5.7.8..,
..2.....3.8.16.25.7..3.4.8.....7...41.4....6......85..3......1.8..6.147.........5,
..........1..8...3.73.1..86.5162........31.6.3.9..8.5...8...2.........1772......5,
......41..1.2.....7.......6.65..78.4..1..2.3....48..........7.8.8..1..4..5.3..2..,
...9.........68......4...2..7.3.....2.1....7.......98..16.7984...2.43.9...8..1..2,
5....7368..1.....5....3.71...9.8..5.......1..2..7.3...7.........2.8..6.39.3...2..,
..6.......5...1.9..8.4936..4.....75...9......5..8..3..6..9.......8..4173....3..4.,
84976.1...6..14...5.........8.3.6.....7...6....497.8......9..4..1........7..81.9.,
..5........6.7...29....41.7.18..6.5.6......1...2...9....18.....8.....4.94...5.6..,
...674.3...3...9..7...1.5.2.......2..9.4.......4.27.......4.26.3....6.1...71.9..4,
..176.3.8..8..3.....9.1.6.....4.17..4...5..93.9.3..1...361..9...................4,
...6.2.94.....1...7.......6.45.16.3...7..5..29.2..41.5.34.2............3......529,
...2......1..4...96.4..8....9.76.18...1.5..2......9.75......6.....97.4...7..8.2..,
4..72.....72.61...18.......89.4..1...6...97...2.1.83..........4......9......4..67,
.1..89..6..8..2...37...........1..675.......8.32..8.51189..7...62......9.........,
.2...8.7..7.....5.......64.2.8..5......1..9651........7.9.....8..........82.6.41.,
27.......1.3..6....8..5.4..8...3.6.....164.7.....27..5..4.....3...7....1.1..4.5..,
3.4.9...2...46.5..6.1..5.....86.........4..........2..28.5..14...69..85.9...1...3,
....9......9...2.5874...........5.6..27.....93..96.7....8....7.....2.....9..3.586,
....14387..7.6.1..14...86.....8..9..2...497139.3.......78......4.9...8...2......4,
...76.1.........822.1...6.5.1.245....5.......4....1....48.1.5....7.....4...58...3,
....2.....8...3......89.1.7.9.67.8......4.......3..724.281..3..9....64..34.....12,
.1.......8.2.3...9..9.........8.3.4.9.....3.642..7......1.....8.8.2.94..2.6..41.3,
2..15.9...........4.572916......7.2....2..49.....6..758.26...5...6..1..49........,
9...1..8..128.375.........3.3..2.4.8.9...........8..3.4..9.8......7....4......315,
..1..3..2....5..7...36.4.........2.3...965....5....16....7.9.......4..3.7.63...45,
.7..6..4.2..5.............64.19...7...7.3.......2..3...14.5..........59.....76..4,
...9....89...64....43........6.734..1......8....2.87.136...1..78716.....2........,
....86..7.....516.5.87.1.2..8.......2.71.....143..8...3.....4....1..27...754...1.,
59.1..32.8.2.5.....1...9..56..3271..25..6...3.............129...6.7.8...9..6..5..,
8.........95.34...64....5.19..........4763......95..3.7...9........1...6.165..8..,
......7..938..1.....18...6...9...1.....5.4..8.8..7..4..4.....97.75...3.48......1.,
.16.4...273.....6...5.....8........7.4.23.18..5..........42.836....8....4.3....7.,
.6...4.1...32...964....382...48...6.158.......2.......9....2...3..1..28..41..9...,
.2..745......6...4.7......83..2..4....7.8.........9.2.6...2..........38.54.3..9..,
......16..61....599.......3..5............6.8489..1.3....6..3...5891..4..7..4..15,
8.......9........1.7..12..4...3.48....98...2....2.6.9..8.6......129..3....6..8...,
....2..1.1.........6..8.52...8.59....27....6..9..........6..4....9.45...7..1..9.2,
5...24.....9...48...23.9....91..87.....5.....2...71...7....2.5...8.43.......1..9.,
9.......753.96.8..84..529.........6..5..96..43..8..2......35......2........6.4...,
.156...4...9.2.6.1........7.......757..3..2...3..1..94...1..........4...1..7.9..2,
.1..7.9...5...68.7..93..45....18...99...3...6..3..5..88..6.........5....13.8.....,
..7.....6.2.......318..6....84..23......6...52....1.7.....7..3.74...3.1...32...58,
27.365.....1.......5.8.........7.6..8..1......29.3.....16...2..58..213..3..6..87.,
.3......8...7...2.6........97.14..86..28..73.18........9.6....78....9..3.1..8.4..,
.24............6...6.14.37....6.5.3.7.1.2.8.5......1.....8...14..845.........6...,
...49.2..8..3....7.1.....6..2.......9.......6.47..2..8...83...4..69.......96..71.,
..3.....5.8...5..72...1.49........4..1...9...5....7....49.5..1.87.....2...53.8...,
1..39...2............2453..4.....5...68...2.42...6.9.3.1...4.3.5..6.9...3..51....,
..3..1...62.7.3......65.....62..9..3457.............1....5......49..65.....1...67,
.6.....2.193.....75.7......6.2.3......19..736.............15.8..5..26..92..3.....,
....6...9...5..2...192.3...5..32....4.....9...6..59.2..31....7...5....6.6.7...5..,
.........2..657.499..8..2.6..2.9...1...7.482.....6....76..15......2........9..41.,
8.75..6.29....3..76....1....93.5..7..6..19.5.1..3....8.....6....7....5........71.,
..62.79......1..8.71.3..4.6..48.36..328...............4.1..2.....9..872..3.6.....,
.7.8.32.....625...5...7..3...9...1......9.37..5...8.623.6..7.89..5......7....2...,
...1..3..5....4....2..7...............1.9724....2.5.97......1...3.92..74....41.62,
...5.9.......7...6.92..37..47...6.1.....1...751.2....9........4...392......74.13.,
8.3..96.....17..3..953...1........82......1.......5....5....3....6.829.5..86...7.,
...........1...3..7.81.9...3..8..7..5.....21......6..5.6..2..7..236....91.79...5.,
8.57.....9...8..............7..9..5....3..4...14.58..9.5.24..71...........2..183.,
.....2...8...6.5.2.5.3.....125...9..3....7.8...6.3.2..........76329..8..57.8..3..,
3.456.9.2...2.......1.9......7......65....1..41..7........34...9...5.3.....9176.5,
.....3..745...2.6....6...8.92...6.......37...6..54....8...9..23..5...6.4.3...4...,
...4.28.....3...5...7..9......6.5.7...38.7..2....9.3..37.5....48.6.4...34.9...6..,
..........162..8..78...9.........1.......8.4...261.7..3.79.4.8.9.1.......6....4..,
.1.46...........8.6......5.3....75....1....7..5.12..4..8..7...4...53.6...2..14.3.,
......7.4.......35.3....21...3.7....61..25...8....314..5...8...72.....58...5..47.,
14..9..37.2..46..9.8...71.....9.12.8...3..............41......3.78....9..9.7...2.,
2............4.68...416.9.21.2.7.....9.8..............4.6..87.99..73.4...8...63.1,
..8.6..7.63.9.......9..1..5....49...36...74..5..6.....47....5......75......8...1.,
.7..86..95.3.4..1.86.3...7.........6.....7.4...4.587313..9.......856..9..........,
..7.8..6.4...5....3....9.2...2.6....94...2....734.....6..8....9...9...52.5.3.....,
..8....2..4.25...3........4..257.681..1..45...758......271.....6...4.....8..6....,
.8..7.35.........2..5....6..3...7.9......1.86....9......39...7.17.3..6....2.5.9..,
9..4.16.......5.8........51......1....49....8...6..59..3...28.9.........518..3..4,
..342...6.8...6.9.......5..9..38..6.5...74.8.6.......38.....3.....54.........8.79,
...567...............32..7...8..9.1.3.9.........1.3.2..2..5...88......59.968....2,
.7.4981...84..6.2.1.37.....4...1.2...3...2..7..9.6.8........4.83.........6.....1.,
.1.......7.9...6...8.1..3....3.92.5..9.6....18..7.39.65...7........8...2.3....5..,
2.56..4....9.....6.6.3.4....3.51.9.........4.....6..32.1..9......28..1.5...2....9,
.3.......61..98..2..42....1.4..3..8.....8.....68...47......71.4.......36..26..7..,
......8.61.3.8..9..2....7...........6..9..3.......3.782.7.3.4...1.7.9.....84.1.6.,
..4.....9.8...3.64.6....185.98....212......4.1.5........3.42..6.....6.....689..53,
....7.3..7...5..1..2..9..8538.....4..9..42...4.15..97....3..45...8............8..,
..9.21...6.13.....32.7......9.8.....4.....3..2.8.1........3.89....4..6.7..4.98...,
9......48.76...........52.1..8.....6.6.81..9.....7..1....72.9.5.4...1.87.........,
6....4..3..7...9..2.....1..4....1.3..5.32..1...9.7........9.....641.32.71.......6,
.3.6.....6....8937....41.........7.4.6...........148.93...5.....19........59.6...,
7....685..65.3.9.4...18.3...5....4.......46..........769.4..7..4.179.5......6....,
.7.5.6....6.........9.47.3....9.58...........5..3.4....5...3..689.4.....34.....72,
5.79.......1.3.......217.....87.........934....5.42...1..3...59.9..5.3.42......18,
.2.....4...3...8.919.7...628...6...16.....78..1.......7..4...2..8.1.7.9..6..2....,
8.4......1.5.6.9..97.4.3......39.5.4...6.1.9............8..9...4.6.57....9.1..8..,
.3......4....46.2.2..8.1..9..5.3......94...3.....896.....6..2..9.8.1..5....5.4..6,
3....75..............3..2.1.5...6.........3...7...1845..6..47.21.8.......42.8.6..,
.728.6.4.1...5...........86...6......5..47.2..4.....3.3...7...88.61.......5....13,
...5........78.13......1...3...5.29.1.4.....3...4.7.5.2..3.4....48.9.....9.8...7.,
....9..6.14.........2.6...8428...9...975.....65..4.....8.17...4....82........95..,
..49....2.63.......2.18.3......9.1...5..4.93....5......463...2...8......9...64...,
5.......3..........7..56...4.512....39...4..5.....74.....6......1....7.2.647.31..,
...5.1..3..8..9.1..........1..4...8..........259...47.....5..2..328.7..158.1.4...,
.25..4.....138.............59...3..8..3.7...4..894.5.....5...49.....1..7.4....8.1,
29.5.3.....374.9.2.....9...9..4......2.875.....52...7.35.......8.4....26........9,
..........9.37......7.9.8..8.2...5.............9.5472...3..7.841.5...3..9....2.1.,
84....5.12....6.38............2...93.....16..9.5.8..2..61...........4.5..3...84.9,
642..5.3.8..61.....9...........4.523.6......8....9.4.......48...25...3.1....2...6,
..6.8..4.2..5..3..54......6.71.62..........6..5..3.1..1.372.4.5.8.3.1............,
........3...631........2.9.5............2.6..3915...4...6..57....349...2.2.16....,
56....23.........8.4.......43..5..611..43....2...69.4.3.........5.6..12..1.5...9.,
...71...3.....26...674.....4.9..5.2.7.......9..53.........3.4..5.12..7....4...9.5,
.....17..3............8654.6.4..831.........5.17.4..8..9....1.3.3.....5.4.8...9.6,
1.8...6.4.6.7.3...........857..2.........4...2.....36..16..5....5..4..1.4...3.2..,
2.9.4.1.3.....89..5...3......1.8.3.9.3......7..7.9...5...45..2...4.....1...2.....,
423...8..1..4.3.....9...6...9186..73...2.....8....4....147..2.67.........86....1.,
9...5...43....29.8.....3.7.....4...3.....7.1...45392......78.....32...4.......829,
...7.....81..6.....9..8.....3.1.9.87........5......61.5...169..7..2..5..12.5....6,
2.561.....9...7..6..19.3...3......7....36...1.....56..7....49.2......51.5.67..4..,
.9....17...3......176..9.43..16......6.5.4.....7.1.5...1.......5.8.....6.34.7....,
.....5.4.3....9.5.......3....2..4..98...37...9..5..83.49..2.5.7.......2..13......,
8...9........875.1.1.2...7.........2..93..71....87.....75.......3.76.8...2...1.3.,
1.6.73...3.4.8..9.9..4..8....37..1.8........6.....2.4..971..4.........1....3.6...,
.3.9....49......17..8.5....7..58...1..9.7.....5.14.6....3.....8.......6...4...9..,
.1..6.95..9.4..3...68.2.........5.9.4.58...36..93..4.....93.........4........1.4.,
.4...76..8..3.4..2.63.1..5.........1...4.3.65.5.6..9.3..2.........1....8...832...,
8.3.7................3...7.4...1......8.4.732.6..3..4.2..8..1...1..645..6.5..14..,
.8.9....7..9.72....4.3...5..23....9..9.84..7.7...3.1.......7...5...8...2.......1.,
.4..6.3......89.4..2.4.71.873....68.1.9........61....26.4.........7.24...........,
..7.4.1...6.3......35.......927....4..1......3.....5....4.5.2.....92..7.6..4...3.,
..93......4.....173..51.8......3..8.5..7......3.4.....6.....4.9.5186........9....,
...3.....5.6.1.3..4.7...98...468.1....5.4......9....58.........1...9...3......846,
1..5247.....3...6...9..72........1...46.9......2...3..2..1.5.7.........3.7...69.2,
6..49..8.1....5.43.3.......3.....6.5.1..6.8......71..........5.46...83.....9....4,
..647..5....3...6..5..8.3..6.....7.97..2....4.39...6..92...........4...2..3...58.,
15...73.8....43.....41....2..2....5.71....8.....78.2.334....5...7.3..6..5........,
..9876.1.2....4.75.....5.........1.982..5..4.....4..2..9...27587.8.9.46........9.,
8......5.3.9..6.28..7..81...9..5..1.7..2.........3.......7...9....193....6....7.3,
....5..7...73.6..88.....62.......8..9..42..63..876...24..6.....7..2.9..6....45...,
.......32...7..9...34..1..6....6.2.55.63.7..1.....94..9.7..5.2..6...4......6.....,
.7.6..3.42.......7..6........982..437......9....47.1.693....2....7......61....9..,
...51.8..5..7.4.3..176......7.3....98....97.5..945.6.......1.....8...5...3..4....,
5....9....13.......7..82.6...6.......8....7..1...3....29...8..5...9..2.8..1.27..6,
..673..5.8..6.........1...61.......35.7...2..28.15.....7.8.5.32.2.9.......8.63...,
4.6...1.879..4..6..1....9...8.5.721...14...86.7...........6.5..2......91...9....7,
..361....8.1...3..24...9...7......86.3.7.842...41...9..973....8..8......12......4,
917..2...2.4.91..38..4...........98.4..2......5893...4.......2.3..7.45.....5..3..,
751..........6.5.96..........2....6..4......1..75.....3..49..16.7.62..3..2.3.59..,
..74....61...3...2.2....34.....2....7....51.4.......675..217......35.78.....68...,
......3..5.8....6...169......6.5.4...........13.8.2.......8.29...5..18.6..4.3.15.,
..2.......7...3......247..6541..........6...5......187.....53.........12.3.8.674.,
..8....3..14.............492..........63...54.95.2...8...8.36.55..29........1.9..,
4...2............5376......23..984.6.9.6..53.....3278..4..53.....2..7...8........,
.329......61......9.4.5..2....7..9.......65....34...1......7...1......9..291.3..7,
.4....8...89....5.6.....42..18.6..7.......5...562.9.8.8.7..6......4.2.9...27..6.5,
.6......4..8...2.......8..54...915.8........2..9..54..3....49...8.2....3.2..56...,
..........194.....2...15..4...95.74...........4..732.1.2..4...78....9.1....321..5,
.......34...5.26.....67..8..3.1.7.....4.6....2.6.........7....5....3842.18..2....,
......2.7......9.....458..3.86....2..4.9..6..2..57....3......7....3.4..9.9.....4.,
..8........1.8.....5..46..94.93.15.82.........3.85.6.....5..486.1...3....94...3..,
...13.........9.........9.4.9.2...4.6...71329.8......74....3.1...3...27.2.6......,
....2.475.7.4....2.....8....1.5........1..9.8........78.67.4.5..4..5.2....186...4,
..1..6.........48.5..9....6.6...8.....5.9......2...7.94.91.2.7.2...4.15..5.7.....,
...82...4....4..21.4..1..568.5.9.6...94..2..7..6...............9...67..8.2...5...,
.9.......7.3.5.84....7..1........6....64...135..1...94...87.....5.69.7...6...4.5.,
...32.8.15..1........7..56...........6..1.74.....52...62.5.3..4......68..18..43..,
............1..7.6..873.41.9...7.6..4.....98...1.....7..95..8...346....571.9....4,
..89..47.......9......74....5.......84.5.7..32.............3.959...8...2731..5...,
.847..........2....5.468.....7.......49....8352..7..94.925.6..8.3..9...2....2....,
.46.78.2...7................2...7.54.5..3.1.....8.263.58..23...71..8......3..1...,
.....2.59.4...3...9..41.6.825....9...61.3....4.....1...9..6....384.9......2..5...,
5...327.847..........5.4.......6.....8...5.6..6.72.5.........2.9...83..72....93..,
........3..7...5.889.4..6....42...9.7.2.85..4.....6.8.4....3.5...9...73.........2,
..6...5.3...1.8.......6.....9.38.7.4...69.....5.7..1..31.8.765...9....4...5..3..7,
..6....1.......4...37.2..6.7.....241......9...12..5...3...92...9..6.7..36..41...7,
...4261..........4....1..96..425...9.......2.8....1...3......8...8.6.4.25..19...3,
.7.1.........27...3156.....16.3..94...24...3.....7.....415.....79.21.........4..6,
.......69...4.......9.....77.6..9.4..2..8..1.1.4.7.....9..6.82...21....6..7..5...,
4...2...5..3......2...9168.91.....5.54...2..........163.....1.86...4.39.........2,
....8.3..9.3..76.4.6.5...7..1...4..3....3...88.........964.......4.5.79.17.......,
..5....834.8....17.17...2.5...3...7.24...6.......28...5..7....8..1.8..4.....65...,
96..12......5..9....5.........3.8...38..9.65.6.......77....3..9....8.....2.7.6..1,
.....7.36...........4....17..........652.9..47...46..1.5...2..91.76...25......3..,
4..7.2...36...42.7....38...6.......1..1...8.........3.15..67.4.7.83...2....8.....,
7.1.628.....8......6.79..51.7....5..8..9....7...65....5.2..93....6.8..1.1...3..8.,
5..6..3..69..8...5.3...12....3...4.....9....1...........584.........68..98.3...16,
......14.9..7.....214..3....2....3....1.3..9.3.9...478......72.7..48..3....9..6..,
1.62....5........29.........34.15...25...4..3..8...4..3...812.9.....318....9....6,
...1....23.4.758....84.....49...3.........4..2...5.78117.......9.2.......3......5,
.8346.5.2..5....1.6..72.....12...7......3748..........23..........5.6.3...7.8....,
......3....3..8.97...9..685....5.7....6..4..8..7...5..2..8.3....68.9.24..452.....,
...6..24..8.....1....2.1.6.......5....5918....2.5....8.4..2.93...64.5...13.......,
....8.25.........6.6....4.....5..78...82..594..9......75.4..8..4..63.....96.....2,
.......96......2.54....6...2....46.1....92.431...3.5....8.53..2.....9..4.5..1....,
...2........43..5.5.8..9...9.4.5..67.5....8.38...27.9.....4.9....7..2......36....,
1....5.....4.....57..9..2.1...32.9..5.............13....3....94...5.47....28..5..,
.6123...9.9.......7.2...4.62..3..9.7.3.6...2........1....8.6.7.8....1....1.4.....,
...1.49......9....4....61.......7.......4...271......8.8.3..4.7..4.7236..9.......,
..416..7..7.......1...5...46.1...5..83.....16..9....38.854....1.4..3.........8...,
.415.2..6358.........1..8....96..2.5...3.1....12...........3......9.86...2..5....,
....8....5..9.7.3.8.72.........542.1...7..9.54........91.4....77....15.2.2.......,
.523.......6.1.95.......8...9..........5...2.4....3.8....15....3...4..68.146.....,
.6..3.2....75.....2...7...95....9.2.9.3.4..6..7.........5.2.6..7.8...4...9...4..8,
.2.1....5617....2.......6...5..........492...98....74..71...86......6.....85..2.4,
..9....4..8....5........829..4.1..98.6.4..3..8.2.....4.418.3..2.9..6..3....154...,
..258.3...6.2.1.7..5...3.4......4...........7..8.5..6.2.......31.38....5.4..1....,
3.251.7..5..6.7..86...2...5.1..5.........61.78.7.....2.......43.3..4...1.......6.,
.16..47....8...9.1.4.8.562..7.9..4....4......6.9..7.8..5..........7........12...7,
.1...98..2.5...1.7...57...4....2..6.....15.4.1...4.9.........8.7...5.2...926.....,
...24.........1.7.6..3..........6.17...4.28...281..65..3.....6..4...51.2...7....3,
136....4.....2......9.....1.2..56.....5.9..7...43.....7.....1..9.....5.3...563...,
.......6..4......1..1....8.3..49...8....8..3...85..4921..84..25.25.3....8..65.9..,
............6....28.1.2....7...1.....4.9.2.165.9.8.2.........41...7...8..6......9,
..2.7.....4..18...58.9.3.4......23.........917.........73.4....4.529....9..8..7..,
......1....3.62......89......8....9.27.5.9...5....63..7....1..61.2.......9672..5.,
9.5.7.1.....61..2..1.....4.79.4..36..........6.3...5.2.6.....7.3.4...2..27...9...,
27.....69....56.....4.9.3.....5......9...21......49.2.........31.24.7...95.....71,
.914.........2....2.3.69.1...2.3..9...48....2.5...2.....9..5.3..4...3..9.18...4..,
91.....3.......258..3...4.9.8..5..2.4..2...7.2...94.83....3.....2...9..579.8.....,
57.3...1....76...9.......3..6.89..4.........7...4.19..4..6........94..8398.1.36..,
..5.1............2...8.75....2.7....1.....3.89...2..1..4.28.7..7.34....55....39..,
.....9.....1...4.6.8..5..1.97.....6....2..9...2...7..1...........614.....5.862..7,
.....2..........8.....69....2....8.4..9.....28.1...9.663.2......92.17..3..8..4..9,
.4.........8...5.6.75..8....67...3....39..8.......1..4...8....33..6.9..8..14.5.9.,
.61..23.83.....4.....6..1.2....84..97.......64.8.9...3.3.......1...4......296....,
5....12..2..7......7.9..53....8........67....7.63.59..9.2...6.......3...1.856...3,
9..53..........4..57....32....2.6....1.....4.3......7.4.9.2..3.72...1.....19.5...,
..4.....3.9.4...8..2..135..8.............9.4..4173..2.....8.7..1...24.....2.5..1.,
.8.3..7....59..4...4.....68.........4...8..353.15...7.......31....7....95....46..,
....6..8773.9..........4.....9.23..45..74..2.1....5....47.9......1..7....9.5.....,
......6........81519.......9456....8.....7.4...8.1.2.67.....4....18....9.....4.61,
87..6.1...65..9..2.428......5..........6.5..9..1.9.2..59.1.4....1.......4.....8.5,
9...83..514.97......21...........73.....5...9.....8...8.5.9.12.47....8....1......,
..936.8.2...2....945..1....32....4.1.8..............56..5.321..2...........9...65,
56.......7.....1.3.29..7........6831......6...1..2..7......2..6.5.8..92...3.9....,
..2..3.1....92...6.....7...7.6.52.3.1..7....5...361.....1......8.7...163.53...9..,
.4.1.7.393.9..............4....4..975..7.3.1.1..5....2......8...25...........427.,
....9...4.4....1587.8.1...22.67...499....56...8.....1...5......8.2.....1..7.2....,
....2..316.3.....99..41..782.8..6..3........4...284.1.4..8......7...........9....,
.5..27.8...23....9.8...9..78..1739....6.52......6..........1.58...26....29.8.....,
.2.......8.......3.9..83....5.........1.2..6.7.89....1..7..9.2.68...1.5..1..57..9,
.7.9...3...5.4...9...581...........7..9.5.4..8.....9...9.....8.1.7.38.....6..73..,
26.9..31.......8...1...5...5..3.2.9...941....3.......4.258.........9....1..26....,
.6...83.......9...24.....8578..56.4....7.4..3.9....7.....2.7....76...4..52.48....,
...2.......3.8....6....1.7.5....738.7.1..3..2...5.2..1..81....5.6........5..9..1.,
..1....93..96...2.......7...7..4.65.9....1..4..........3.49.26.6.27.3.1..4.......,
3.1.85...45......3.9...1.2.....9...2..........1.6....9..8...3..1.386.95.9..3....4,
........58...61.4.4......39.17.........3.6...3.4.7.5.....5..196......4....57.....,
1...4..2..9.6.74....8....1..5..7....7..9.5.....12.6...6.2.9.7........2....91.8...,
3.7.2.1......9....8.........21....64....6.8..9....4......24.9....4619.837....3..2,
1.75....2.5....8..8.6..................16.5.....78.3..5...29.6.6.8.15..7.3...7.8.,
.91...8..6....4..9....913......4..31.6....54...8...6........1...85...2..1..6.2..5,
...7..1..5.......2..12.5.9.2....96...5...1...9....3.7..29.5...3...6....76.3.....8,
5.4..1.2........75...87..6.8..4......2.....899....7.....92.....2..56.....6...42..,
.75..2..3...8.3...6...1.4...361..5.2.8.3....4..7...6..1....7......6...5.....31...,
...3.1.........93....5..2..56...31..19...5.2.....2.....2.8....99..21.78..7...956.,
....82.732.835.1...7..492..8.4.2.9..75....38.........4.........5.....8...82...7.9,
......8...6.8....47.9.6..5........9.2.7....15615...4...7...........1.9..5.86..27.,
9.6..7..88....645.34..2.......2.8.7..3....5........9......6....4.59.32.....782...,
.2.13...93.......5...52..4........8..82...59..4.9....1....1.3.2...48..1......7...,
.3.146.7.......3......2......15....66..31.......6.4.8...5.3.8.7.2...7...1..45..62,
.....4..87.....1....827....1.6.3.............5..1..64.4.36....16..387..5.7..2....,
....19..8.....73....92..47....6......4.........83.1.49.1..2..8.....3.2.66.47.....,
97..6.........7.4.8.4....2.6.29..7.85.7..8.91....1....4.5.....2....4.8...9.....7.,
9.8..71......4.....13...52......9......4358.....78.35..3.5..718....1.....9.8.32.5,
2.3.7.5..4.9.25..........2.7..6....894.8..65......74..........9..45.976.6......3.,
.9..8.......6...5.........3...5.67......23..93..97.5.254.2..8..8.7.......2....9.4,
.8.1.29.55....8327...5........6.9.7.69.7.15.8.12.......7......9...2.....9...5...6,
..52.........8.1......53..77...2.6.8.....7.....369.....68...93..3...9..61.......5,
7...9....8....4.......7....5.....8..46...5..12.7..6...1..9....4....48.25..51...9.,
...542....8.....2....6.8..7.6.9..........4.9.........89.32.....65...73..72.8.64..,
61.5..2.92....6..........5..5..12.4....6........947.12........1...4..37....793..5,
.819..75.......68..........82.5.9...4.....91..7........5.7.6...2....4.6......5.42,
.8....59...56.....2.6.8.3.7...2.51.3.....6.....1........31..9...5239.7.867.......,
....6....734..8..1.1....8.......4.6.....51.7.1...7938.9..5.7...6.7.......5.....3.,
6.9.7.......4..3.....819...7........1.8.........6...5..673..4.93....4..1.9..6....,
.4..86.3...9..4.2.............1.3...485.2..13.1..6.9.....3...8.96...8.....3..1...,
3...5.6......72...8..6..15...6.3..9...2.......9...7..1..5...7.....1.5.3218.......,
7.32.......4..52....81.4.3........49..5.....3.......1.1..4...9..4.3.8..5....5.42.,
..4...5..26.8.....1.5..29.6.......7....1........94.1...4...8.5.7.......98...716.2,
.23.1....7....52.9.5.8..............13........7.2..41......79.5.....41....91..3.8,
.7..6.1..95.42...6.4........63...7.5...7..3.1.......4........9.6....953...937.6..,
.5..2....6....18.4..4.67..1.16...5...9.....8.5.......69....84...72..6........5...,
..4.31.56.6..2...81.7..........54..7.......1...8.7...26.....3..47...86...81...2..,
....18.........3.........29..9.....5....51..4.51.3.2...75....9.8..9.4.7..3.72...8,
1........6..43.....531....24.682.51..9...12....5..6..356....1..3.....8...4..8.6..,
1...6..5.............4..97.5941..7.8.17.2....8.......5..8...14..4......66.5.....2,
....75..12.91.6....7.4.....8..9...2...65........8..65.........5.6.....4..4.72.9.8,
..17.8...85.......62...9....86.1..3....5...9...3...28.3.....91.97...5.....2..7...,
2..9...8...347.1....4...9.2..23..6.4..........6.1......2.76.......291..36..8.3...,
.2.9.18.........2.5.3.8.1..475.....2.........29.45...3.......8.........7...3.2591,
...54.23.....96..55...8..7..8..5.7......6.4.9.......82.7.4...2..38.........6.9...,
.........687..2...912..7...82..4.19..4.9.1682......5.4..1...8...5.1....62..8..9..,
.5....4..4.1..63.88....2..77.......324..8......34..6...86.5...437...........6....,
9.7...3.........1.3124..9..6.9.4.78....63..........4..1.3..8...47.1...2..6.....9.,
.9...62.....9.4.7.3...78..5...6.....8..4.9..3.....59.27.......8......62...2....49,
.7..6..95489..5....5....4.......21......4..7.9..6..8.216......9..7....6...8...24.,
..36..1.....182.....4........2.1.5.3..13.9.2........4....8..9...1.4...3...92.6...,
...6...1...8.1.3.7..3....5.........63.4......58.7.....9.7.8...58...53........1.94,
.4......7.715.8......47.3.........5..8.2.9.....4.5..315.7...9..........8..29..4..,
4.23.7...9....5.......9.6...5.972..472..........4...5..7..34...6.15...3.24.......,
7.4........3..1...25...49.....8.951.8..1..7.44.............315...2.........7.8.9.,
.6...2..7....9.5..9..7...68......8........4.5..14...925.4..827......9..118.2.....,
....2.89.9..6.5.7..58......4.5...7..7......6.861.4.2....2...64.6.....5.8.....1...,
...3915..3....57.8.........4....81.6.9..6.4..5..1...7.....5.38..7.8....5.....46..,
5.4..3..6..9.5...2.6..8......5.3.4.9981.....................2.4.9...68.....4.96.5,
.4...25.7.2...9......85.........728.5....39.....5...744.6.3....7...48..63........,
37..24.81..51.....2.8...3....3......1....7......8...5..9.78..1......9..27..45..98,
.....8...7.6..2.8...1.......9.4..7...1..3..4.67......12..96.4.....7...2.......13.,
..3..1.6.1...247.8..968.2..68..4..23.....31......7.........2.4..9..1........3....,
..4....8.86...2...9.....4.764.......3....69....9.5.64..7..2.3....5.3..74....8...9,
.1...8.4.9.......7.67.59..3......75..4.........6.7...83.....8.9.7..9.4....9.43..6,
9.5..........3........6.918.......6.76.3..2..2.3......17.........91.2.863...98..7,
......3..6...3.2.........5.37.95.8...19.......586...7...2.7.6.1...3......9.1.85..,
7..3.48.9.....7.6.8....6.......9..74..6...9.......3..168....3....3..54..9.1......,
..19..5..5..8..26......2.8.1.6...8....4....1278....9..2....7..4..9.4.....6....1..,
...4.926.....1...4.6423.7...5..2.69...657.34......1..7.9.1......7.........3......,
....6.....9...2.....7..4.......97..454..2.79.....5.82...6.8.4..483...5....5...9.3,
....85...2..........9.....6...3......6..12.5...3.9.81..8..2.3.49...6....45.....2.,
......85.......3.2..654....4...9..3.92.3.....85....1.....92..85...68..1......49..,
67..3..9....1..2..82....6..1..7.3.5........3..68......7...6.......8.592....97....,
...5...2.1..9..4...524..1...18....7.2.7..............99...7..18.7.15.........4..6,
7...9..14...275.9....4...6.........2...1..4...69...15.3.......9.54.......76.13...,
5.2.........5..8.....18..9.15.4......98........4.9.....4..72..82.......6..69...45,
.78......21.4.........1.428...83.16...7....8.....967..96..4.....8......47.4...9..,
....8.....4.2.69......394.2..6...291..2.......8...4.56.....16...5.86...3.......4.,
..59..1...2.7.8.4.8.3.......47..9..139...5...2.84.......15...7....1.35...........,
..3.8.79...1..7.5..9.1.58...8..............6.1...63....7.59..182..8..53.......9..,
8....5....2.8...37.3....9.17....8.491.3..4......2......1..4..2.9..1.2.....4......,
2.8...7....34...91.5..7...8....25.3......8.5...9.3....8....9..4.......2.417...3..,
4...5..2..528...........71..8..2....5.4.7.9..7...8...48..13..4.......5.9...5.....,
85..3.9..9.......3...89..2....1...8.56...4....4.2....5....4...2..5..13...349.8...,
92.7.3.8..............523...8.2..........9.1.79.68......75.....1..97...68........,
...5....8..2.18....14.27.56......74.7...823....1.....5..........5.....74..31...8.,
21.5..9...7...6.5....293..7......3...82..7...69.82.......1............9685.......,
2.....1.......43......3..47.....6.513...526......4..7.7.3..8.6.85..........17...8,
..6...17..3..6.58...74.5.....43...5.98.6.4............3.1..8............478.319..,
1...83...67..1...8..39..1.......67....8......4.7.3...........9......463...1.9.875,
73..4.65..5.9..4.8.8.36.......276..9...4..37.2......4..27......3.6....8.89.......,
......6.1.......734...86...68.41..923.9....871.........2...7.69............3.2...,
.3.814...4...6.....5...9.............21...6.86...423.9.....65.....19.46....5...3.,
...4..7..7..2.6.48.....3.....5..84.2..7.2..6.....5....8...4...5..3..7......3.5.9.,
.......247......9....472........7...1...9.56..8.21.9.....5..47....781.....2..91.8,
..3..85.4.4..6....8.145....65..4...3........8..2..9....359..............4.95138..,
45.....26.2..1..4.......8..9....61...3..5..8...84...6....5.....1.2...9...9....3.2,
6...4...1.89...2.5..2..1..6...4...8.....95......7...69...1.69....59.7...8........,
.4...3.6.5..4....8....72..3284........32.87....9...6..7.....8.6.28...3...6.....9.,
..4...32..3.1...9......514.1.......8...68....6...3.25.5....3....4...8...9.65...1.,
1.63..4.........9......8..632......7....7.8.......364.7...8....23...79.4.19....6.,
.21...58..8...762...4....3...2.8.....5.....6......41.....2.6.....5.1.....6873...2,
7...2..4....9..6...5.8..1.24.726...5.6..4..9.......8...8.1.......5......61..5....,
..2.4965.9.8....27.5..2....519.......2..........1.7...6.4.7.1.....2...4.....967..,
8.....6.2..5..134....9.....4.....1.6.89.2.....3..5..2.9.46..8...........6...8421.,
..758..4.3....4...6.....832...4.9.8....7....5......26..6....4.98....735679.......,
.....3....691....22.1...95....3542.6......19.....6.4.....8.....95.......6...2...8,
.1.9....7.7.2..9686.........5.....4.7..694......82......4..15....74....218..5....,
6..7........39.....71..6......263.4.....4.3.....5..9....5..4..1.3.....5996...24.7,
63...84.5.9.5............2.7....2.......4.....8.6..3..9..8.7.32....2...48...9.57.,
.3...1.2..72..51.98...........3.........2.7....9...3.6..7.8.....5.2.39..38..6...7,
.9...8..265..3....1......8.9.25.7.6.........8...61.32....7.5.9..........7.....5..,
..5...1.6.4.....9.9..1.63....485.....6..418.5.....37..8..4.....7.......3...5.....,
7.2..6...83...4.9...68.1..........829.......3......91.......2372.8.......71.9....,
.6...1.97....8........6..459....3......5.....38..94..1.7.....1....7..3.8.1.4...56,
.3..2....4..7....8.769....2...1.......2...9.6.......7...7..9.84...4..2.9..86..31.,
1.4...5.9.9.........2.......4.9..3..8...5..........1.43..4.9..1...3..86.52.1.8...,
1....48...8............1.5...9..2...6.21.8........5.39......5.44963....2.1.....9.,
..74........17.3.534...26.....5....16.82...3.......78..72....5.8.5..4.76........2,
....2..7.....9..3..3...64...9...48....3.....24.823........593.....76....6....2.59,
........8......2167.15.....3....2.6.5..1....3..7.....225.3.4...8......3...375.6..,
5.2.6.....4....2.5.....3.....3....1.2...8...3.16.7....4..8..7.1....32.86....1....,
2...7....67.9.......3........6..1..49.....3....239..755...47.9...926.4.74..1....2,
....894.63...7....1......75.....4.....7...6..913..8......3..8....95.....5.6...9.4,
9..6...58.6........1.....73.8.592.1..29..6.8......8...27..15...3.12.....5...3....,
.2..56...43.......795.3....5...9..7..647..........1.6...296.41.9...1...2.....2..9,
5....7....1.2.....8.71.6.23...31...523...9....8....6..1.6.95...9.......7.5..2....,
.......78.6...84.393...456..19.6............97...3...43...1....4.6....1....7..3..,
62.49...8.....8.2..9.5..1..4....296......3..4....8....9.....35....6.....84.......,
.2.76..3...13.4....4...18..1.......5..52...46......7...1....6....2.....3.736....2,
...9.....94.....23.1..4..9.7....69..3.8...7.42..8.7.31.3.1.........9.......6.8...,
.5...6....8..7...1.23..568....7.......82..1.3..1.4..5.....6..4.5.....7...1.4.....,
...17.8..4.8..9................9...371.8...5..39.2471..2..5......4...5....39..4..,
19..6..2.......794...2.4....4.8..3....1...4...79....1.6....8..2.....7.38.....6.4.,
8......36....3.952..2....1..7..28..52.9.5.....5......76..9.7...7......8..91.....3,
....912...4...2.97........3.....7.1....43.....2..59...4.3.....828....75..7.8....9,
....5.......6...3.5..89361..31....8...5.69..26.9.....3....1..4.4..5.8..9..82.....,
....6..9.9..43.........15.8...1....5.6...9.1...18..4....53..7...9....3..6....5..4,
.6...94....5...82..79.8...12...9.1...572.1.9..1..6..7....7...5...6............7..,
......2....7.......862.39.15.9..7.6.6..52...9...6....8....7..8..5..........8..35.,
4..27..5.9....5...6....3......7.9...5.7.36.........8....9.42.6...6...53......87..,
..9......1...73...6.35..29....65.8...3...1....18..2.7.......782.2...5.......8....,
.9....6........5.4..7..8.....2.5498.95..7........6...3......2...68.4..97....3..45,
.9..3.4..6.3.9......486..........9..21...........76....78.12...3.978.21.......3.8,
25..6....647.2.1...............15.4...8.47..3.3.2.....31...2..4....546....4.....7,
9.4.6..7.....98..5.7.......8..24...12.9..6.5.546..........2.5...6......4..5...9.7,
9..6.853..3.71.....8........2.891.....3......5..37.....6.1....8.9....1......29...,
7.....8......42....98..5.........2.78.6...4....24385.9..3..........97.2..4..6....,
................829.32.....8...9.........6..52.6..394...27.5.987.4.8.6..3......7.,
.............4...8...2584....31....7...6..21.5.6..7.........3.2127....4..8.4....6,
9............318...1.7.8.53....4.7.......5..15..3.7.8....21........5..34.359....8,
...6.1.....74..6.3.85.3............132..1.8.6..4..5.....6..3..48.1.....7.3.5.....,
2.7.8....5..1....4...6......8..1...3.6.3.2.4.7.....51...8.4.........5...3.42.7..5,
.7.4.1....13.2..4..6..37....4...67....5..4......9............5...7.9.42..2.3..6.9,
..6...1.....8...5.1.......3.....2.4...5.3.6717.45........35.42..2..46..5.....8...,
52....9..39..7..4....4........98..2.8...........32........43.9.6....5..3..9..2.6.,
...1.........5....4.59.3.1.....1........279.87..8.5..39...4....13.2..8.5.2.....4.,
39......272...351........4.25..674.313.........95............37.63.792........9..,
.963.....75..1.8..2.8.7965...2.....71.....9......8...1.6953..........3.........16,
..2...6......3......65.47.8........5.2..49.3..9....26.5....2....3.8.6.5.9..7.....,
6..2....713..57.......8..2.3......5..7..9.2.....6.2.....51...6.76...5.3.9........,
...8....75..14...3..........5...978..6.....91.9.7.83.47...514......7....1..3.65..,
87.............1....1...2...9.7.4...2...18..3.34.9..8....1.2..9..3.47..6...3..42.,
..3.51...24......15.9..4....3.......7..61...3......1..1..3....2..7.6..4....79.5..,
4...3.287..7..4...6..28..5.....7...2.9..5.3..52.6.....3..............43......8.6.,
..283.1.7.17....328.6....4..783.....9...68......47..1.....19..6.6..............7.,
..5.1..3....2..1..98........7...95..2...84..9.1..3...7......2.1.9.....8.7.....3..,
8....4.9...27......739.5....9.3....27......86.5...6...23.8........573.....4....7.,
.7.56...1...9.37.63.8..1..9......69..53....8.........3.953..2.....1.....621.....8,
62...4.984.........97.1....985..21..21..6...............8..1..5......9..1...864.7,
..2.7.4.5.49....7...7....1.7......51.6..........4....7.9..51.3.2...4...61.3....9.,
6....31.....6..34...8..7...47.8.1.56.1..35.2..8.....1...47.....3..........7....85,
9416....3.67..9...8...4.....2..94........3182.....1.........7.4.1......97...8.2.6,
.5...9...4.....7....7..52.9..1..7.94......8.52...........5....1.13.72..88.54...7.,
4...9.......14...6...5...8..8..6.....614..8..9...71.........2.429.......6..7.91.5,
.8..23...1..5..62....46......19.8.4......2..989.6....1.....4.562...3..8..4....3..,
.....6.....9.38...3..5...26....748.5..4....7..52.8.6...264....3.7.....6.5.......4,
..367.8....8.2..5.5.6....2....35.....7...16..3.1...5.......7......98.3..6..53.1.7,
5.4831......4..7......764..4.8..72....1..3.85................3.....68.27..5.....6,
....37....6..5497...78...4..46.7...5.5.......983.....4......8.96....2...42...9...,
....8.6....4...372....97.......597..9..8..254...6....93..2.548...7.....6.2.......,
...5..16.....9...2..3....573..6..8..6..819.2....7....1...28.7..97.......56......3,
..4.3.....915.....63.9.2...4...81.95..9.4.....52.........36...8.....9.3.3......1.,
.......34..4......35..2......5.4.2....2..1.6.4..25...1.1.....5..9.7.6........51.9,
3..2.89...1..6.2...42.9.38.4...1....5..........98..521...1............9.853......,
..79.....58....9.2.32...6.....4....76......58....65.9..548.....3....2.8.8..5....6,
.8...632..79..1..6.3.....8.9.....2.....16.......29...3......6.7...9.3..83...8..5.,
42....81......7.....8.6......2.1..8.6.3.........5.3.6.5..72.....8143.........6..4,
9..6..2.........3....128.....18.4....4536...1..........2..9...84.35..6.9.5.48....,
8.........59.83.71.2.....439......58....3......2..8....34..7..951...2.342.......5,
..........3......7......63.8..4.3.....4.57...5..6..2...8..7.39...9.2...67569...4.,
..9...76...8.59...2...3.....9..2.81.5..........63...2..1......7.....8...36....5.1,
....41...84....91.....2..37.3.9....21.8......62...4....1...7.982.4....7...7......,
..9......26....7...486.5.1.8.........274......5......26..1.98.5..5..41.9..4.8..2.,
.....5...65.1..8.....68.....128..4.5..6.5...15..7..6.8...4..72..8.3.7.......1....,
.5....2.....3..1..2...1.6......9.3..46...25.81.86...4..1.......5...6.....4...5..3,
.9.....741......522..14...6.4.9....8..75...2..19.2..6.42..95.....5.1.........6...,
352....1....9.1....4...2...4.7...93..3....8..2....8.4....85..........1...7..2358.,
......8..7....3.....8...25.13.2..7..4.2.9..1..5...........8.9.12....543..91.7...8,
17..86......4.........5.8.3..4......5.2..8..131....6..72..4....6.3..7..5..16..7..,
.1...68.9.....4.12....2....73.6.2..164...8.....9..1...........72...87....8.4..6..,
..8.3.2.....2.....9.7......7......2.....9.5..5..42.1.9..57.....3......4.1.9.8.3..,
....7.......2.3.16.5...49..54..3.62...6........7.42.9.6.........2.1...6....49.7..,
...........9.3..4...4.5.83....5...1..96..7.5..8..194..4..6..5.......1.6..37.8...4,
2.3.....4......2...1.....691...4....9..58.3.65.21..9...2...3.9..6...1..2......583,
9..51............4..4.73..56.1359...57..8....4.........6.79..3...96......3...8.1.,
..8...5.....7.6.......8..74....6..5......13..1..5...89.751.8.6...6..7948.........,
...5..374.........74....58.2....165..56.7........2...7...4..2.....73..45..2....63,
7..81...68....64...6.32...11........27.15..........5.......2.5..347..1.26.....38.,
4..1........7..3......98..1..8..9.43913...8..74..........24.......5.3....2.....64,
7.9..6....5..2..7.8..5..4.929......4..1...96...5..1....4...87..62.7............98,
.....2.7.8...1.62.6.7..84..1.8.4...9.62....1........64.....1.9..8....5.......7..2,
..71.2.9...5...1...1.8.67.46.....2..1...74.......9...6....6...5.5...7...4.9..1...,
.....6.2...8.4.....635...7....2.4....263.8.......5...3.....78..8...2.74.9.4..3...,
.7.43....4.1.5.6..5.31.2.7.......45..........6..8..73...2.7156.1...4...2..5......,
..64....21.....76.94.......2.87...........8..5.784...66.9....2.4.25..9......7...5,
2...9..3.....4.791...5..4...6..5...9..93......5....3....123..4.9.6...57.7........,
1.....8.2........6....9.1..3.82...4.65........9..5..83......43..1..689..8.2..9...,
5..3..9...9.1...3.4.2.7.58........9.....4......428935.1......7.......41..2..9....,
6......727.1.8.3.4.4.6..8....8....372.6.....9......2....38.......7..69....43.21..,
19378.....8........42........13..89........279..2.43..2.7.......35.7.......8.2.3.,
...2.....3.2.51.........8...1..6......78..6.....3..91.6..18...2.......7.2.37...6.,
3.....5....4.1...61..8.9.....9...71........3....6....5.....639..5.4.8..7.1...3..8,
4...3..89.8.6...........1...6..7.8..14..8.5....7...9.1...31....5.8...31.9.......7,
9...7.2.6..2..3..7.3..4.9..5.74......8..........3.......9......6....2894.25.8.6..,
..5...6..8.4....3563.4...9.....6..........9.7..2.4...8.28.967...5..32.....9...5..,
.2.69475.5....2.4...6.571...5...6.7.7.82......4.8.12....2....6.......42..........,
5..2.4....4357...127.........54.91..3...........857.4.89...15..4.......3....9....,
...576..26..2...3.......1.73.........9.......7.24.....5..6.9...9.712.4...4.3...25,
68.39.....5.814.9.1...........5.7.4..1..4..6.......5.8...6....3....8.....98.35...,
..2.637.4.......59..4..931...73......6...24..425.......9...71...7.....9.....5....,
71.........59....4..2.......231...6.4.6..2.....9.34...5....3.2....4..9...3..291..,
......7.2.9...8.3...56....9.5...4...8.2......9...8..4.7.6..29..4.97....8...8....3,
5....1.....7.......1..864..72..6......4...95......42..2....5.6...9.4...8.58....7.,
.2..7............5.6...9.41.1...5..4..6....2.7.912.3..........73.....4....7.5..3.,
.23..1....6...2.8.8......62..7..85..5..2...4.4...3.8......8.......4567.....1.7...,
.2..7.86..6..49.3............7394...4...86......2..........5...5.4.3...79..6...5.,
2.7...5.....8..79...9..3........91..3....8..55.2....3..58...21.......9.79...1...6,
6.294...5.........59.2......8...361.94.5.1.2.....6.5..4...........6..1....91...42,
..3...12.........72.7...3....9..1........2591...36.2.......6.3..65.7....7.19..4..,
..3.4.15..71..........9.27.8..219........8.......73..2...5......2.7...94.84...72.,
....4...7..86.......72..5..58.7...1...............62....6..1..84.9..2....2.5..1.4,
37......2....2...3.41....761...9......6..3.......84....2....41.7..4.9.3.....3...9,
8....4..991...37....32..8..186....4..7..29..................49.3.........42....17,
..6..1..54.8...7.272...496..89...4..1.....5.....8..2.....6.....54.92....9........,
8.76.2..1..5.71.2.4........1.45...8........15...2....3.......4...278..6..16.....7,
.....6.45...1.926......5....1.3....2.2....69....26.5.82.194......6.....49.8..3...,
4..3.....8..476..5..3..96...8.5.......9...1..6.......95.4.......1..6.7..97...1..8,
.35..1..9..1.......6.25.........7.....28..3..6.9.2.7..8.3..562......3..7.1..9....,
....72.31...8.3....8..........95..........1....5...4.37..1..2.9..9..5..83..2...45,
.38.......5.82.1...41.3..87....7.......1...2.......9..3..4...7....2...314..91.2..,
.7..5.1.94...31.7................5..7...93....63.....4.8...9...14.8.6...65..1....,
..1.7.94..4..91835.....5..1...2.....9.....4...57.4328......7.9.3......5.....3...8,
..512...9.1.9.....97..84....2....6.1...25...8.5...64.....54.76......1.9..6......4,
97....36...83..7..4...9...1.....4..7....32...7.6.8.....3.9..84.....462....4......,
...81.3......23............85.....237.3...1..1..7.45.8.1......6....45....6.17...2,
....1..2....37.....3...8....8.2..5...9..3571.3....9...174.....885......1.......9.,
...1.8....5.....2.....2.4....4.8....81..92..7..95..61.7.6.1....2....5..4...4.6...,
34....8.....8...6..82.4...9.9.........8.1.2....6...1.4.3...8...2..5.961......43.5,
..6.28.7.897.........9.....4.........72..........6..8.....5296.14...9..76...7...1,
581.2.....4.......7.96.....1..2..5......5.49.8....1..72......7..6..1.829......1.5,
.9......4.3897........12.8.....5..42.41.9.....8...1...........9..3.45..8.158...7.,
9....21.......4..5...8.....13..8..9626.....1.4.....32.....48.3......3....4591....,
....4.....732......2.7....51....57...96......75.4..36....5.2.4..1.6...93.6....17.,
7.6..2....2....4..9415....7.......5...9...1.64..1..2..5..8...9.1....7.4..9....6.2,
..9.....2...4..1..41.7...9..5...9..8..8.5...........4...28......9.342...34...18..,
....36..7......9..9..417.2....82167.....7.......6...84.67.8.3....4.....2.2.3.....,
.5.6.2..9.....7.1...7.4...54..........1...2.......4....75..1.9..9..2.48.6...79...,
.45....1...94.6.3..83..1...........5...94..........2.8.3..146....1.685..2.....1..,
.7.19..3.8..2.7...............4..861.64.....7.....9.4...2.3.67....72...3....14.9.,
...7....2.1..4...37432....1..4..3.8...289...4......2......6..48.9....6..13.......,
......5.732...91.8.584.1...21.8.4..39..1........2..7........839......4......2....,
7.28.694....2.......3..7..66......98.....8.......2.4.....68.1.....7.3.24....94687,
6..2...5.18........2...3.4.....64....5...1...8......9...961.8.....4.2.....4.9.5..,
....5..6..3.....1..6.4..9...9.38.4....8..1...54..69..3...........6...89...9.16.47,
..2.3.5....42.6.9....7.....4.3.5..29....2...3.....8.5.....7.9.......3..8..748.3.6,
.1.29..852..3......8...1.....17.8...3....2....7.53......9........8.54.9..54.7...1,
6.....84..38..467..4.9.....4..1.7.3.............485..7....9..1.........3.81.7...5,
..........52.873........1...4......37.812.4.59.15...2....9....1..4.3.8...2...85..,
24...189...6...7.1.7..68.4586..92..49........7............47.....2..9.......8..5.,
37...8.1.6...7.8..........59..6.....1.8.9..3..3.....2.........2...23..677....5.8.,
914.....8.38......6........3...8..96...6.18.7...2..4.34619......9.1.8.6...2..4...,
45.1........5....13...4.....4.32...6..2...13..9.6...4......1.6..64.5.9..917.6.5.4,
..9....1..7......418......7..3......6...9.....4..38156..6.5..9.4.5.13....3.94....,
.8.....737......5...3...2..12...7..4.371..9.......8......8..1..4...5..9.5.97.....,
.51......36...9..1.7.....2....7...5.......6722......4....6.42...19..74..6..9.1...,
6...13.....3...6...918.........9.....46...8....5....17.....7.4..57.....6.385.61..,
...6.5....7.....4....2..691....5..6.......7.....41.952.47...21....5.7...62..3....,
2....95....1....38...1..6.........2.3.6.12.9.....6.1.7..3...85....9....1.52......,
.9....56....8...1.68..1.2.37.53......29..6......1..6.....73....3....2.....2....9.,
...8...3..2.347...........4......3...7.1.6..9.6342.81...897...3.12............6..,
.4.37..8......1.4.......5..7..8...5..354.27..2.....4...8...3..9..1...2..3.7.4....,
.3.....42....438.97..............935.2..354....7......94..2...3...5...8.......5.1,
...5....81..84..764.....15.5.......72......4.......6.3..4.6.......7.2.1.8.2..17..,
.......3.9.2.4.....4.69..............83..........7..967....2.6...4..8..5..95..2.7,
6....7..8.53.......4......6.....82648......51....26.7.4..78..25.21..3............,
8....32....5...4.9.......58..7.85.9.3.........19.7.3.27...3....158..9......7...45,
.5.1...6.2.1.8.5.....45.3..1.5..7..2......4..647....8........4.4...2..7..6.......,
9..2....8.......7.284...9...7.3..4....9..28.3.....4.6912.............1..3.8.71..4,
...71....3.............81.....8.79.393....2.1...9..57..71..3.5.28.5.97....6......,
...4...3.....8...........6..348.......2.6...96...7.85.7...9..8.3....54...65....7.,
....8.....8.9...6...4..72.3.38..14.24......76..7..48....6...........27...1..48...,
...169.7.....3..48.1.8......68....94...4....5.9....8.......3..67.....4.95.4......,
...6.7.......5...6.9..1....8..5..31.26.3....83...9...2.......25...8.67...2....691,
4.........9..7.3...12..5....2...75.417.......8.54............9.2....4..1..832..5.,
.21......5......8..4..31.5....2.5.4.....9.3...........3.9..6.25.6..5.4..2....9.68,
.1.9.7.....4......53...6.....3.6.9.11..5....4.....9....6....2..27..3.1.....7.4.56,
9.4....1.....1.....5..3.79...825.....1.38.54.2....48.98........1.2.......9..4.6..,
1...65.9.............1.3....6.5.......7.3...22.9...47..1...2.4...3....6...2.74.5.,
........6..9276...37.1....85....2.8..2...91.7..1.8...5...3.8.1..3.62..7.....5....,
..8...6..37....85..5.7...3..2.6...1.7....5.6..46...5..1..5...7.48...3...........3,
8.....5.4.....7...5..6..879.475.1.6..8147........9....4..............9.6.....31..,
4.......8..1.....2....4.1...9...15.75....7...3...2.8.9..8.1...3..5..4.....278.4.5,
9.6...1...2.45.9...5.......2...1..........4...39.....8.....4.3..856.1...34...2.6.,
....6....1..8.......9..1754..1...47.2.87....667..548.........9.4..........2.8...1,
.1......33.....761.7....29..81..7...4..36......6.2.4......9.6....9....372....81..,
..2..9.5.....218...8..5....3..9...45..1.3.9..84....23..7.....9..1....5.......837.,
5...3....2..4..3..91.5.2..........34.31.479.2..2........5.1.4.7.......93....8.51.,
4.7.....5.1....36..3....1.485...........74........34..6.9.418......8..1.3..967...,
7.6...2...9..2.....1.....3812.9...5358....7..6...8..1.....96.7.........1...8...9.,
7....3...2...1.93....6.2...............1.72..3....917..2..8..978.72...5.1..3.5...,
9.26...5..7.5...8..548.21.726...48...49..7.25..1...............7..215...........2,
2....3..........7.........6..1.7.9.5.5..........6.17..4...2..3.13...9.62.7..1..4.,
........4....83........5.1..7..5.....56.7...818.3.9.....76...31.64....97..5.97...,
96.........3......4...57...1.....7...3..6.1.97.241.53.....43....1.69...75........,
9..6.....4..1..36...2..5..1.....9.3..5......9...54......731.4..6.4.......317...2.,
7.1..98.66..28.1....8.4.....6..91.....5.6.9.48.....5..........8.2.4.............5,
3....7.69...9.3.8..7.5.1....3...51...5.6....7......3.2..2......9...1.63......9.18,
....2..9...1.4..5........6249.6....5.......166.7....392....5....45......7.6.32...,
.....2..........1...89....7..45..1.....6.7..8..62.8.49.9...18.4..28.976..6.......,
8....4..7....376.....8..9..416.......3............8.5...4.5...16.1.....8..9...37.,
.7..53.92....7.8.42....913..8..1..4...93.....7.........4.....25..3..1...89.4.....,
6.....319........8.18..4.......27....6....8...49.....61.6.7..43.97......4....92.1,
...4..3.2.9..7..5....53.....36...84.92..4..6..7..63.9.2..........7...4...482.....,
..........4....1836....2.7..9.4.17....4....6.3.789....91...8.2...32...18......39.,
..26359...6.8...........2....1..85.....92...8.....679...9....3...5.63.1.....5.6.2,
..81749....7........15.......47612.....82...........1..69....25.8....4..1.2.4.6.7,
..3...1.....6....45......86...2..45.8..1..6....2..6....8..5...293...1..51..8....9,
....5........764.174...........619...1...95.2.9.54...3.5......6..9...1....1637..5,
..2.3.7...7....24..317....9.6....5.......4.2....2...9171..9......3...........2.67,
.671.8.........4..3.126...71.8..2735..653..81...8...2...2......5..............3..,
..79.82..4..1......3.76.9..7....9....12...4.8..68...97....4.....2..8.......3..1..,
...9..8....9...3478......1.1....84.563..7....78.5.91.6....4.95....7...8.........1,
.4...1..6..6.8.74.5....6.8.........46......98...5..17...8..5......3.....17..495..,
392...........5....584....2..6....94..12.9..6.8....5......1..5..3..5.1...6...8..3,
93...2...21..9..5.....6....46..51.....2.37..61..92.4..5...............34.4.....97,
......7.3..6....527......69.7...59..4.97.2...58...3...3..2.9.4665..7.....9..3....,
.3467....1.5......6..8.3.....8...5..7..45.6.3.1.......8..9.6....5.....9..4...7.8.,
...........52961....913.2675.....32.9.25..4..63...7.9.....5........6....2....17..,
98...2.3...1..9..7...13......56..7..6..9.78.21......6....7.8......39...8....519..,
.7......6.81........2.4...16.4...82.9..1.7.64.2....5......1...8.....6.4..9...5...,
....4.5..6..8.74.....9....818.....4......37.9...4......7...5.....1.7..6.8..6..3.5,
.......6..3.4..9.2........3..2.3.6.1.4.7......6.1..29...9.4.5.........1..7.2953..,
9.1.......2.......7..4.......7....9..3..2.....8.9.3..2.....6.7.....31..8..427..61,
1..7..93........27..3...18..861.....9...75...5.2..96...6.5........9.......52..8.9,
8...2793..72..5...9..16..8..6...27....8.7.59..9..1...6......8...85....1.........2,
...74......4.216...5.6....1....3......12.64.......7.9..2.....19.973...6..1.4..3..,
62.8..9.....5...1..........4583.9....9.4.........2.....4..3.2...1..4..859.2..8.31,
..26.....3...9872...9.....8.9.27.1.66.....4..7.1.3............1...8.....2.37....9,
9..2...4...8.1......1579.8..37..........4....18..5...2..5...3...4.38...5.1..9..7.,
.....2.9....3.8..4...1..3.63.96..8...82...1..16...5.......19.2.9..8........5..63.,
......6.8.36...2......9.45.48.6...9.6......2...9.5.8.....8.21.5.18.......4..3....,
..2.316.4....2......76.51..7...........1.729...954.........64.......49722.1....5.,
.5...4.1...276.....9..1..68..1..7..5...5....9.......2.5....18......269..8.6.....1,
.....4....96..81....85....3...8.........7.51.1..65.8.7....3...4.7....9..3..1.5..6,
.6....28.5....4.3...15.......27.14....73....6.....6.1..7.2..5...3......4....17...,
......7.6.8..3..2579..2.8..61...8.....2.591.3.3.6....7.672....192................,
85...3....9428.......145...43.9.......6.1.5.4.8.....636.8...........1....4285.1..,
6..24......3.86..9...1..82......3..1.8..9.6.3....1..4.......2..4...7..1...6......,
..6.......3..1..........2...9.3...5.21..5.3...5.64.1..8.......93..28.54.14.....6.,
12.....4...426...36......9.9..64...8.4.19....2.63.....4..8......78.....2.1...3...,
.4...2.....8..73.6...6........4.9...6.7.....8.....8.....37...12.8.2.6.9.9..3..4..,
.8.51..94..7..6.1....2.....7.5....2..4.....7..62.9.1.52....8...8..1....7....75...,
3.........5.1.2.9..94..5.1.4....8.29........86.....5...4.2....15.....3..98..3...2,
.59.........8.1.5.7.2..69......48....45.....72.......9....1....6.4.7982....6.2...,
.7.4...6.6........13..2.........9...2...3.8....7..4.2...98...3.3.8.1.24..4..6....,
.8.....6.123....4.6....129....37..1.4........8....4..2..67.812..4..6........19...,
1..93...6...1..87.....56.3..8.3..6..57...1.8......9.....64.........67.....1..54.3,
..5.1..98..2.....1......45..........8..34.......2.9.431..8....25.6..298..2.5...16,
6...4.1.3.3....789.9..7..24..2..9.....7126.......3...1..........46.....8...364...,
6....75...9..3.1...8..5..62...........38...79..83..6..1276..85.9..7..............,
..2....3......79..956...8..6..5.3.....32......27..6.53...7.2..........86894...7..,
2....461..1...6.........427....2..7.1..8....4...4.315.42.3.1...7...5..........3.2,
....91...95..6..84.1.4..7..3...8..4...83.9..7.4..........85.......6.7.3..6...487.,
.82.57.39.......78..74...517...8.....41..........72..34...39.82.........9...41...,
...7.2..4.5...8.1..2....95624.........1..4.8....1....5...29.5............17...69.,
76....4858.4...23.....3...6.3.82........6.5..69......7.........2..37....4769.2...,
......74....5.8..1......295...3........1..983..298..1794...1.7..1...48..5..8.3...,
.9.......4...8..3.5.1....6......87...4.965..3..34.......7..6...1...9....3..147..5,
2....6...1...2...9.8....3.......7.53..53...........12.....6..7..9...3.65....852..,
..2....4..37......8.......62.6.3..78...5.7......6....95.48...2.67.9...8.......4..,
49....31.8.2.5..94..3..7.5......4...........2...518.....9281.4....3.....5.1.49...,
.8.1..59....8.71.212.9...6.3...5.8....6..89.........36......651.........9....27..,
7...834..5.1..4..........1.8.........23......415.9.......97.2.4......1...9.2.17.3,
49..51.....2.....1..87..9....1......9..84............7.7...6.29.159...762...1....,
..216..9.3...97..4.9.3....17.1..36...........5........1..7..5......5..29..76...3.,
.....57.9.94.2.61......1.2..12..3.4.......2....5..6.93....14.6.6.7.9..3...1......,
7.2.........8....4..9..57..4.15...6.62............4..9.8.....2..15...9.79.7..8...,
.....1.....584.......2..9.1..4...752.........7.....3183...5.4...2...7..985...2..3,
...4.8.......9..76..31.....674...3........7..91....8..841..76..3.........563..19.,
....1.745....5.....9.4......34.96...96....5.35712......1...3...6......12.5.1...67,
..276....56...1......8.4..9....1.75.2....98.6..7..8..47.9.4......4......61....2..,
..1...4..4.97......6...........7...52741....9..5..2..8..8.2.9.69......1....4.87..,
...........832...42..64..3..1...........9.5..9..45..6862.......4.9...8..8....5..2,
8.3...1..19..6..3..6....9......39....35.4.......6.5.........21...65...9....281.45,
..2...5..9..4...8.3...58..9......2....52.143...1.69.....35......4............6.1.,
.7..39.8...3.82.5...216...91.......3..86....2....5...72.....1..5.1.....6.3.....7.,
......2.17....2...........5.5....4..8.74.3...34.7.59......218.32....45.958...7..4,
.4..9.1...782..9...1...85.3...3....4..4..2....25.4...18....3......8..2......59...,
9...4........97....5......45.2...1..4..6.3..2..3.127...7.9..3..24.......1...2...7,
.......7...9.5....2....94..1...4...8..2..1....8...756...7.14...56..7........8.25.,
....7.8.99.56...7.....3......8.9..............9.5...4...1..67...8.....655.74.8.3.,
.......15..6.9.....8.7..4.....8...9.....46...4..95.8.2.9..74.68...185.........1..,
3...2.5....1.9.3..2.....9.1....1....6..2...5.41...3.72....74...97..3...453.......,
6.37.....5..26.9.49....4.....45.....7.51.2...2...3..4.....29.6..6....5........37.,
.4....97......2.34....96...........62.6.1.3.9.9....1..9..67..8.......7.343...1...,
....78.4...3...2...51...8..72..831.....24..8....5...2.3.4.......1.......9...5...7,
2.3.9.6.....8.69.......5..85.......9.9.4...5..7....46.4....9.........7..35...7.4.,
.7...6.3.9...85......3.4.5..5......8.49.683.5..6.......87.....4......17.43......9,
3......2....6..1....6...839.1..3.9..8.3.91...59.42..........3.1...1.2..59...7....,
.43.1....9......3..6...9.......5..9.6...83..18.46....259..6.........8....8.9.14..,
.5896..7...94..6.......3..9...29..57....743...4..3..8.......72.........3..2..8..5,
59...37...3.275.8..........7.6.54..3389....6..5..........3.86......2....2.89.7...,
49..2.....8...95..2..6.1..91..8..65..4...28...5..47........8.9..1.......5..2.....,
....82.....1......2...17.3.926...1.......9...18..7.3....8..59...3....2.871..3...6,
..6..8.....4....1.....54..3.4..3.....8...5.4...16.9..73.5.6...........9196..8.3..,
..71...23......5.414..3.......7.6...9.321...5.5.......3.6..5.......9....4..371...,
..6.8..2.5.7..4...34...6.5.61.532.....8.......2.........32...15.......8.8..71....,
...7.8......45.....35....2..58.....6..7...9..64.92..385...96.8.....4..9..8....6..,
..1.78....3.6....187.4...6598.3.......6..1...4........5......9.....97.1...75..3..,
...2...31..364..85......7..5.6..2.43.4.7..6..2.8..6.......541.........5.........7,
3............5..42.....47....5..1..9.4..6.57.6...25.3.....469.1...1...2.....9.453,
4.9....3..8...92...2.3....8...2..58...79..3..9...817......3..27.......9...1..4...,
.1...2........1...23.9.5.4.......4.6..57.....4...3...25.....6..7..6...3914....2.7,
..1..54.3.7.2.46...3...78...84....61.6...........1......56.32.........8...745....,
.62.5.9..75.9....6..38..7..3.....2..4.5..8.3.........5..6....9.5...94.87........3,
5....1...8....5......9.3....8........7.5..21...92.857.....32..613....78....8.....,
17.4....3..3...1...4....2...1....7.8.....9....543.1....2..8.9.73.9....2......4...,
2...67..8....2..4...5.4...96.8.......7.....2.....79.8.48.2.3.9..39.............7.,
...8...6..5.96....46..729.8.......95.....4..28.32........3..2..2.....75......7.49,
135...6......4.8........57..........6..813......9..1.73....64.5.59....6...6.5.31.,
.59.8..7..............3....4..3..5.2.25..879..8...9.3183...7.2.......1......2..5.,
8..1...........9.8...67...3..839...77.2.165.....5.....1......956.....8..93......1,
.....4...1..72.6....56...149....645..7..4.26....9.7......1.2.......3...5.3...9...,
86......4..7..61..1.....3...1.68..........57.....74......5916...9...8.5368...3...,
....3..9.7.46..........5.7........3....85....8.947.65..56...9....8.6.3.7.2..9.8..,
..7..2...6....79....238.....59....7482...653...654...8.....8.....5.7.8.....659...,
.4.93..5...1..5.7.39...7.....4....98829.......1........37...12......1.....27.9..4,
..6...19.3.....5..591.2...41....52..........76.2......2..76.3.........4..7..9...6,
.....619..74.3.......2.1....6..7...9..7..2.1..2.1..6.......7.....89...64.39.8....,
6.2..973.3.......6.15........1.6..47...5..1..2.4....6......657..7.4....953.......,
.15...36.9..5.......2....5..593..1.4....7..9.4...1.6...3.1....2.....4..1...9.7...,
614.9.7...7.41....5.8......8.7....6....6....51.9...........6..3...37..5..365.....,
.15.4.......7.....2......85..3.....7.2.31..499..2...588.94........851........2...,
.....5......4...852.761......4.....768...4........2.3.3.1....72...28...4....3..51,
....4..32..2..7.8..1....7....4..3......9...6..7...41..746...2...21.....8.93....17,
3...4.......7.9.4.8..1.........72.34...31...8...........5......2.....8.1138.2.7.5,
2.7..............8.6....7..6...3.87.7.2..9.16..1.....55..1.......8..736....89...1,
8..........6.3.21...74..68..2.....9..1..6..23.7.8.316....7......8.........1....3.,
..2..9..1...2..7......1.3......5.....58....1......4...4....5.7.37.82...5.1...7.92,
43.1...5..8.46..1.6..5....2....8...575..4..3....3.........23.....8...267..7......,
........5.2.5.34.9......73...7..2...4..3.8.9...9..467.......2.338...5..4.......6.,
.3....2.....98.........4....7.....4....3...192..1.6....27.....6..4..78...1.2.9.34,
.5.7.918..2..4.....97.5...3....7..5........3......18...3....4...71..4..2..28...75,
.458..3273.8...1...7..............8..3....745.81..72....3.5...6....614.......8.3.,
.9.431..2.2....5....3.....9..6.....7.....43.5....9......5..2.73..7..6...14.75.9..,
.1.96..4......42.1..8.3......9...6.......1..9..562...4.8...3.9..4.2......3..4.8.2,
..1..247....4.........8.2.5...3...9..53.4...22.79.5........49.7.7....83.....1....,
.26..89..9..2.6..4.4......2...784..5...1...9.1.7..........6.5....4...6.8..98...7.,
..15..2..97.6..1..............9.......2.5..397....1....9.....8.6237.9..5.5..3....,
...5...8.573...9.....93....7.2.........2..1...4....7...2.1...3..9..8..5....35.24.,
..812...5..19.3...4.95.81..1..2.9...5.....4.1......7........5822..3.........7....,
43.....9..9...8..3.........7.4.8..2.56..7.4......46..9....9..8.2..6....7......254,
...3....6.7526...96..8..5...13...8..95....6.12..............79..8.....2.1.9..8..3,
.........98......35.2......7.51.362......23.9....98..7.293..5...512....66..8.....,
.732.1..41.....2..95...8.7.....5.....8.....913..1..78...7...5......9..4.5.....8.9,
...78..13.87.3........94.5..7.1.3...93......5..2...4...59...7.28.......1.......9.,
......3.71.3....5..5.9.........9..1.2.1.3..96.76..8...7......695..8.....3.96..1..,
....1.....64.2.3..7..4..6.8..7...45.......8...15......1.67...2.8..5.6.....324....,
.3.....46....4.7..6....78......83..2...7..9.5...45..3..8...5...4..9..6...5..7.2.9,
..7.......6.2...4..4...19..2...6...3.51.792....3.5......9..45..5..7......7....3..,
.751..3....38...69.6..5..........64....4...95....1....4..5..1..3.....7.8.51.7..3.,
8.....3...3.....9...62..8.7..7..2..841...82.9........47.98....3..264....3.......6,
6..8.25......91.3...9...6.1...2....3.48....9.3.19..4.55.....3........9.88.2.4..5.,
.3......9.8....16.....8....6.4..1798......4.6...2.....4.3.962..2......4.81......3,
...........6.57...1.....54...1...8...4.....2.27.8...6...7.42.3.4..7.8..6...5.6..8,
..7..8.......2.359...5....42..8.74......9..7..3..14..5..2.5.1.8...1.......4..32..,
5..8....948.5.67.......7...7.........98..5....527.8...83...2..4...6..9...7...9.25,
.4.3..1.6.6.72.54......9...19.23.6............5.94...291.....6.....7..........453,
.3..75..4.28..1...9...4.3..1....7.2...5......2.9....17.......42...214........3...,
.7..816.........2.......7.1..6.5.1795...1.8..9.......2.28....5....29....6.1.....3,
5.3...9....2..5..6..6..9..51...9..6..48..6.....53.8...............5...82...613...,
.........2...43.6..497..5.3.....2.9....569.41...1.....61.3...72...........2.743.9,
.7..5......9.....22.....48......9.3686.5..7.49..7.........3..687.........4.8..3..,
......7....2.7..81..9......5.4..........27.4..2.6.1.....58...7.8.1..46..9......25,
..6...9.......2.4...468.27....7...8.....45.....3.28...6.85.7...23..6..5.5......9.,
...9.6.........8.26...4..7...8..2.....568.9..9..5.32....47.5.....9......28..3....,
....58...2....9...6...1.2....3.94..2..6...35.8.....1..98..6.......9.5..1312......,
.9.4.37......9....4....5.....32.894..4..5.....82..7..352........36..9...8......5.,
....6..57.......93..8.4.26.3.287.6....63............7892..5....4..7...8....4..9.5,
.......6...9..3.1..732...8...2.89......73....19.......8...6...2..4...3...3.94.1..,
...4.25.9......1..9.5..3..4.6.......8.4..9.2.1...68...31.69....4.........89..14.6,
.2.....4.16..8...27.8.2319.6....18..4...3.........29.....96.....9....2.7..1..84..,
.93..268.2...7.........9.4..6....8....9.61..3..8..429.....4.......9.3........73.4,
.........54....2.33....7....97......4...3.6..2...9..4...96.23..6...73..97..91..5.,
.6...37.....2......4...6953....4.....34...6.1.9....5.2.....1.........4.9..549.316,
...2...3....6.5..2..7.8.5...657.98...........7.954.6.....37.........4..7....2649.,
..6..41....476...815..8.........5..78......6.7.......5.6..1.34...8.9.7......4..86,
..561...8.....27..2..8......71.438.2.....8.7...8.6.53.........151..76....43......,
84.25...............5.8.31.7.........1932....4....52..1....8..9....7..5..834.9...,
......3813....8......7..4.657.34.6......6..27.68.2.....4....85.8.6.....37........,
......1.5..8....7.....3....9..3.2...8...69......1..53........1.21.59.6.7.672....3,
..2..1.3....57.9..5.3..2..6.19.......47.....5..5...2.....2...6..3.6....4....397..,
..2..6..9...2..7......41..28..9......7........5....86..81.54..65...9...1.4.7..5..,
731.4.....4...3...8....7.9......41.....16..75..95....6......3.........58...38...1,
3.......6.......1.....5.73.2...968.76.7.28.5..8..73.2.......3....3.69...8.5..2...,
.....4.1.91...2..4..2...6.....8.6.......3789...3......2.479..8.6....81.9....4....,
.5.836..4....45...............71.9...1...8..7...3.....7....43.583.5..6....6.9...1,
8...431..6...5................8.9....7..3...4.....1.5..3...896...5....1.1.7....3.,
..8..5....74.....32.1.........4...8..8.....32....2.4.1...9.3.1.9.5...87..2......4,
1..95.37..9.7..2...3..12.5..7.......6.91.......42.751....4.1.......3....2....6.4.,
54..183...1...97.....7.5..8...2...1.3.......579.53.8.2.............9..81......49.,
...59..1......8.....527.....7...3...8.961....6...2.....27..516...8....9719..3.28.,
52....8...31......8.6.......7..83...1...7.3...6.4.5..13....2458..4...2...82..7.6.,
..4....9..8.......1..65..3...9..18..8...6....31.9.5.6..5..3..8..4..........7.9...,
.318.7........4...28..3........7.....4.3.8..2....5...3.1.....5...5.1.37....74.2.9,
......9.........43.8.92..5.4.98.5.6.56...1.921....25....3.1.6.....4..139.........,
.5....13...7.....4....1..5.91.8..57..7.....9......3......95.4...9.....2.52.4..91.,
........3...2...9......3.61.648...2..123.4..5..9..1.34.....9......16.....5....8.2,
.68.9...2..........94.2..36..186...3.....2..44.....58......96..912....5..85...3..,
......5.4.....5.....3.9.......6.47.16..3..2.5..1529.3..1..723..74....6..3.2.....7,
.13.6....2.6..4......813.....7..2.1....3...5.....5.48......57.8......16..71..823.,
9......43..4...1...2..539.6.36..4.72..25.........1....697..........2.......961...,
8...........13..5...17.93..4.25..89........277.9...1......7........42.1.35..1....,
7....26.....79........3.9...48.....3.9...6..8.....4.7.5.4..9.2..7..4.....82..3...,
.4.52.83.5..8........6..7.2615...4............3.7.1...16..7.384......2.1..4...67.,
......4...324..85.5....2..9.9....3.5.........1.42...9.7..1.82..2..3.9..........1.,
.7..5.9..68....3.....2..56..68....1..9...1.3....32.....2.68........9....91.....7.,
.8.61...442...7.8..57.......9..6.7...4..8...9...9........5...4......8.2.2.8.....1,
..6.89...9..56..48.....47..6.....25.5.3...9.4..8.....3.79..5.......3...........6.,
.2....53.6.1..........49.........6..5...8..9...21...45.15....2.....1...9..3..2.58,
.1....67...9..5.....7....3..9....316..5......1....7..9..86.15..6...2.8..92...81.7,
...3..2.4.6.5.........268.33.6.......214........18.....8..5.1....5.7....47.8.....,
...6..71.........8.34........6....2.4.......13....7..41.2.9.8...7...43.2...86....,
.......3..3....5.4.49...8.7....7.3...7.3..956........876.83..2...349..8.9...5.6..,
........74.5.96.1.8....1.4.7....4.....9.....5.2........9....6...54.87..9..746...1,
4...8.......7.5.28.7.2.9............9.4..3....6..5.43...6...2..82..3.9..3...9.58.,
...9....3...........3.7...9..7....58.492.....562....4..5...9..4.9.4.5367..4.3....,
8..2.3..14............9..2...43.7..95....81....8.2.4...........1..8..29.9...513.8,
.6..4.15...56....8.....36...2.4..9.....391.......2.....8..1...2...5..43..52....6.,
.....2.....5.3.9...7.9.12.......93.4....1....5.9.4...........2929.5.84.34.....5.8,
.57.3.2..8........43...8.65..8...7......8.45..9......6........73..62..942..7..6.3,
7.4....28........9.1....5....5.....6.6...7..22......4.45...26....6..189....95....,
........7.74..2...3..6.9..4....57.23...9..4.5.43.1..7.937......2....1.....5......,
68....9........32........15...6...3.5..7....2.3....57.3.6.52..9.98.6....2.5..81..,
5....3........4.8.48.....76.73.9..4....6....885...7.19.3...1...........791..8....,
.7..23.64......31....9.1.......1..29.9...4..3...68..7....84.7..3..7.2...2....6...,
...217.8............63.87.456.....1.31...6.....4.3.5........463.7......8..26....1,
...8.9...8427......3..5...4.6..7..8.9.8.....3.....4...4.6.3.........7....5.2983..,
.....1.4..........9.1.2..6.8...6....519.4.2......8..912....4.19..5....2..8..9.4.7,
..9.....7......8..4.26..9....4..16...25....8..7.49.5.2..7.4.2......5....1...8....,
...7.2.....2..9....1.3..9..3...8...61.....49.2.7.....1....4..1...9..8234...2.3...,
2........3.7...5....5.......1..62..7.2.51.8......483....4.8.16.65...........2....,
....5.21.......9.3.8.1...459.6.......58.....2....2.1..8.35.........4.5..26...9...,
....1573...3...1.2..5.......67.38........6.74.1...4..3...........6.5.81.58..62...,
...8........4..6..3.6.....7.....3...61.....7..97.458....8...5.1.65....93.....1..4,
......314.43.985.615.........1.597.3...3...6.....618.....5..43......61.5....13..8,
...3.6.47...4..2....9.27......6....8....39........4.71.8.74....1.6..2...7..8..4..,
..35..281....9...7..1.2......8....72.......5..9.......5...19....6.87.52..89..2.6.,
........3.4..16.8...5..84.782...4.......7.2..1..56......768.....1..4.......7..6..,
.......45.....78..3...8...6..5...4828...3..7..9....5..2..9...6..4..2...8..94...3.,
8..4.........62..8....3.....16....5......5..458.9..2.....5.4.3..6..1......2..84..,
.........3.86...72279......9.61.5....2.....81.1..3.9..7...5..2........9..52.7...8,
8.2.1..6..45.....9......1....19.......9.3.6...2........14.952....3....4.5....4.8.,
67.3....2.5......1.....6.4...273.....14.6.....3.5..86.....8.31................275,
98.7..6...6.2.95....2.3..8...3.1.....9..7...52......3......6.5.......9.2......7.1,
..2.789....3....1.6....9.3......1.......9.82...87..5......2.3...87..5...3.68....5,
........7.6.389.....8..5.............36......78.6.235........2.8.95..7..5..73168.,
.189...73..63...9.....87.....3..6...4.....1.6..5.4......7...56..8.....3..4...1...,
59..3.2.....8.9.46.....298..2.9.......5......13.2......56....1.8..6.5.2.3..1..8..,
3...............75.6.8.7...9.7..5.86......29..28.....7...56...3..9..17...5.....2.,
2...35..8....6..9368.9..............97.8.......6...485....2........59.7...43..65.,
...42.6...241..7..9......5..6......9...5.6...1...8.....4...5...51..9.8.6.8..1.5..,
...2..9........8.....8.1.6......653...29.........1..9...6..5...89.3.76..35..2...7,
89653........2......1..8...1.3..685..69........54..3.....9.........41...3..65..91,
5....9.727.4.5...3.6..3......6...4..8...67.5.....82....4.....6.......9...8....5.7,
.46......3..2......9157.3.....7..2...2..6..75.65..1.9.4........6.3.1...4.79...5..,
...5....2.4..3.76....8.4......7.3.5...86..41..........582....3.1........3..2.567.,
..3.......5..264...4..7...........7..8.2.15..1.......2....4.28...1..36.5..4...3..,
.....8.1..8...542..45......6...1234...34..5.1...6...92194........6......82.......,
.8.39......24....84.6.2.....5.8...........6351......2.86...49...4...6..3..1.....2,
...3.......4.8..1.1..6.5...6.3..172....7.85...8..56......1....3....7.65......24..,
.14.....3.....68..7.253..6..7.6....4..53....21....7.....38...56......7...4.......,
......2...7..4..6.4.3.78...1.7......8.6.5............2...4..7....5.8732...13.6.4.,
.6..2..3.4.5.....97.39.1..45...17..6...4.91.....6...5....1...7...4..6..1.......2.,
..7.1..8286....7............9..4..2.3........7..9...61..8......6....2.73..2.9...4,
...93874.6......1..3.....8.41..7...8..3....7..7.3..2...2..8.......2.6....4....3..,
.......1..3..6...7965....4...8.5.........79...17.3.8.5..93......5.4.....8439.....,
1..2..7..2.6.....8.9...6.....28......75....3....7..........739162...5.7......1..2,
3.745....4..9.3......8.2.9..3.7..8....4.....15...29....29.......4..8.5....5....1.,
...9....7.9.1.346.........2.......3...64.......8.32..62.1.9678..89..1.....38..2..,
......51......2.8....9....2.8..........2..679.9.4...5.4...27.6...15....7..589..24,
..8......1..69.5...6...7..2..6..39.7.2......6...1...58.9..8..1.....3.8....7....23,
.......2...463.1.......54...2......56........1...8.639.5614....8....9...4.....9.2,
.9....4...47.5.681.1.2....7..649.25..7......65...68.......1........4291..........,
1...8....85...3..2.2315...671...........4...52...1..7..6.....43......2573.2....8.,
.3...25.77.563....26.9...31.........4.2.7..9.....4..16......673......1...47.9..5.,