....4...13.....9..2...8..4....13...4...7..8.....69473.82.3..4....9.1..2......2.7.,
.6..8..31...2..64.4..1.......3..426........5.2...3.417......3...3...1.8.6...25...,
..9........3.6.....7.3..2..76..3.4.5...2..8..3..4.5.2..2....684.4.........85..7..,
....873.9.2.9...5..3.....861..8.9....7..2...3..2........9.........13...86.5......,
3...........58.3.7....2.69..8...1...9.1...7....5..7.6...7.......1.6.9...26.....8.,
..346....54...8.......2....4....97.........6.892..743.....845.....7.....62..35...,
92...51......7..4..85......69.1.................45......25.691.71.....868...1..2.,
.1..3.......7.....7..2.8......4...716......89..3.....69.7..1.........2..86.379...,
......4.86..7......75....268.....9..9.2.7..4..............82...4...9..1..9..142..,
......4........95..85...7.3...45..67.........5..763..44..1.......8.3...9.31.85...,
6...23.......174.9..2.9...8.................3.9..7.142.2.....6.47..3.....3...27..,
.6.4.29....19.72..............1....221...8..98.56...7...78..61............6.9...7,
42...........9...7.....2......7..6.1..7....9.146...5...3.96.15.....1..4.79...5.2.,
.....4...395............9.89..18...2.5..9.1.6.2...5.4..14.........2.156.......2..,
......356.........3.2...18............7..8643.1..7.....21..4...6..1....548..65..7,
......412.7......839..1.....8.....932.9....6..4.2..7....4.......1..2..4.62..3...7,
.5..3.........4..98.6.215........6.11..........26....3328....5.......9.4..9...23.,
3..........2..584.5..842...4..95..26...6.843................1.9...5.........61.53,
.7.43.98..9.......8.1....7.2....41...4.7.8.9.3...............14..6...2..93.......,
2..7.......18...........2.3.74.9.8..8.2..7....9....6...8.....3.....64.8...691..2.,
....4..3..41.5.9..56.89.1.2......321...56..9..1......41.8.......5931.............,
7..4..3.9..89.....3...85......85..62......7....9.3...4...3.7...4.7..6......59.6..,
7..364..9.6......2.39....5.....9........2.6.1.........94...2...5...412....19.67.4,
..8.1.6.9..594...3.1..8......4....5.7............374..4.......1.8..5.......8.6.3.,
59..2.....485...7..6284....974.....1..6.....7.5..6..2.......5...8..9...6.......14,
.....271.45..8...3...3.........5...1.9.47............858.......7....1.8.1.45...3.,
12....7.......36...5...9.3.7.45.....39.....5..1..........9.2.439..34..1......1...,
5.41..39..3...7..8......7...8....2.5.4.7...81...5.....9.14.5.3.35.9..............,
...1.6...7..5.........7...3..52.........1...643.....1..4...7.....243.58......12.7,
.415.8....6........3...61.................9.5.....4..82136..5..65..2...4..49.....,
.2.6.5..........5....417...95..6187....9......1.......5.7....92..28..71..41.....8,
..4.6..7....8..23.........15..61...7.2.3871....12.4.8.45...2.........6.........5.,
..9..65.43.6.....1....793..1..93..4..........5....2...65.7...922....3..5..4.5....,
..4.......3.5.1..9..8...361...3.4..........1.1..86.45.4......9....975....6.....78,
.....1329..3.4.1.......8...23..8..7.67...3...8....4.1....967.8...........42......,
.3...4.....8..6...5671..4........973...7..5...1.53.8.4...9..6......4.7..3.5......,
........55.8...3..3..6..87....9.6...4.6...5..9.....4.76.9..8.2...3..2.4..4....6..,
......23.5...2.6..6...9...7............15.38.......59.8.256....1.5.387...9...1...,
.....84.7...7.6...2...41.59564...7.1.....9..2.........45.......6.1...8...8..2...4,
.2...7.1...1....3...723.8..5.......9.3.......4...9..5.....4.7..7..8591...4.....9.,
1..2...67.5..3..2...2.7.3...6..9....281......3...6..78.......3.8....72..5.6......,
8.6......71.9..8.6.29.6..7...2...93.3.85..7...........29...768......1..3..5..21..,
..1...3.......5..9...98.......8...3......75......52..1.67..8.9.5..39.7...3.6..2.5,
....5..87..89.6.4.5.43.8..1...1.........43.1..89.6......3....5........68...435...,
.....954..7.8....16..1....291.5.8..7..6.94.5...2.6......1...8....7......5.....9..,
.46....73.8.7......75.2..9..34.98...6....3.....7....2....96....9.3...2.5...5.2...,
..68..7.3.1.64...9....7...8..2..........6...4.4......1.93.2....7...1.3.61..7.8...,
.4....3..8...31..239.4....5...8...9.....42...1.........5.6234....8........459..2.,
..4.53.....38..6.92......1.....2...36..9..........1..84......8231.6.........4....,
...8.9...3...4......9..3.4.4.3...6..62..781.....4....7...72..69...9....8.....63.1,
...41...36.12.........7..2..53.....2..4..1.792...3.5.1.1...9.........6...3...4...,
..3.4..........425..7.513.61........7..564..1.2..78....8...6.......12...6.4......,
........33....8.5.1.....2.......95..8.5.3..1.2..5....6.9.1.3..4..8..4.......2.86.,
....862...9.4.267..2.579..843..6.......3.....9....48...78......6....7........5..9,
......6..68...9.2.91.27.......8.....2.....819....4....7..6...8.1.3.2.4.......4.6.,
.9.....6.5...........8..94.......27.4.2.6..3.8..2.9.....4...6..93..48......5..7..,
........7.7.5.3829..5..8.3..3.6.....7..2..95..24.8.7........3.8..6.......5.....76,
.3.7..4.....846......3..918....8.....4....365.9.........4...1.9..61.5..495......7,
5.4.92.7.8............7.3.59.17.....3.5.4...........9.2..8.35....9.......3....7..,
2..5.....6......7..9.......76.3..19..186....7.....8..6..2..3.19.8..5....1..72.5.3,
94...76...5.6..38..6..8...528..4...3...5..........2........4736...2......74.....8,
....5.46.........7....9..1..89...2....7.84..6..45.....7........958.4...2.....1.79,
.6..1..5.....3..863.48.........5.1......6...7...2.....8...4.3...1..2..7.2.73...1.,
.79...2.6..4......6....2.41.8.3....9.3.19...29.1..7.63...4..8....281.............,
....9..74...2.4...7.6.....56........9.8.6......54.8..6..7...3294.........2.....8.,
.4.......2.6.........21..7.7......2..8.6..3....584......3..5..1...72..65.6...8...,
.....5...48.....279.7........3.1...92...9.......378....21.......4.18..5.3..9....2,
............12..4.8.4.6.1...3.4.27..45......36.7.1.8.....27...........8....3..257,
...5.648.8...4.7...6.72.5..7.83...4..21........4.8.2.3..7..........6.1...4.......,
.2...5...7..4123...6.3........971.4.47.2....3....3.....52..741.9......52.........,
............64.......38.....3...6.98..18..4..7..1...5..96....7.4..7.53....79..5.1,
19..4..5.......1.3..3...9.8..........5...4.6...9.87....64.38..9..7...5...3..9...6,
..7.8...4...9...2......68....8..3.9.9.4..2.753.5...4........746...5.....2..3....9,
3.741.....2.5.....9...3...2.83..5.1......834............1...4.5.5..2.8.........93,
...9..2.7...47...3..235..68..5.......2......638....9....7......9...3.7545........,
.8.1.6..7....5.1..............58..3..6..3.27...5...8..6..84..1...4..76..1.3.....8,
.48..5.....2....7.9..8.4.5..57.3.........9..239.6.....4....35...............2639.,
..97.48....4..1...25..6......8...5.9.......2.54..2.6..........6.....8....6791....,
......564......1....2......1.....2.3...1......3...98....68.54.95..3.1..62.49...5.,
.....7..5...3.....2...6.93..9....8...6.....29........7.3628......2.5.3.4.5.6.....,
3...57..1.....28.7..8.6....8.....132.....17..63...4...26.7....5.....3.......4...8,
..5...2.....5.8....4.39.......9......398..5.2.14...73....15...4...2.3..7.57.....3,
...25...63.8...4................314...47.....6....2..8...1...25..34........3.78..,
..567..48..7....6..6.9.....57....396.....3.748........6.......2.3...2....4......9,
5.4.....3.26......3..........81..6.4.3.....829..4....5....923.88..6.1.2..9...4.5.,
7..5....653..81...14.36..78.5....1..38....64..1..48................1.2.....6...53,
...3..69........2.5..........92...878...632...1.7.5.....7.......2.63....3....7.68,
...5.839.....346....1.2....1.3...4...9....1.58.4......38...6....6.8....24........,
3..1.9.2..12.......6.5.7..3....3..49.9...6..1...7.........6.3...57....9...9...6..,
23.5......46.37.9....2...4..........6.2....1.1......79.74.2.3.....4......2..91...,
5.12.....4.9..8....6.5..3......9......8.6.19..15....38..6.......7.....54........1,
..5..97...673.2..48.........2..5......3....7.68.4..39.5.6......3.9....4..7.......,
.....623...........4..........9.8.2...6.1.....5..624.9..5.2..8.6..5.3..1..18.4.5.,
8..1.6......4....8..9.3.7.4.............59.8....3...654.7.1.....86....4.9.578....,
.....3......2...8..4791....1.8...24.4.....6......3...532..9.......8....6..1.24...,
.4....63.....5.9.2..5.6.....5....4..67.3982..9....7...8..........3.8..9.4..9.6...,
..7..3.4..6.98..3.....1...98....4.91.4.........3....282.......4..6...7....8...612,
8.51..3.9.96....84..........1.3.6...9.3....2..4...2...........5..45.1..6..8...9..,
....45..9943........8...21...9..2...4........8.1....4.3..5....6..68..152...6.9..8,
6...8......95.631......1.2.1...29.8.2.........63..5...3.........9.7.8....7829.1..,
.........9..32.6..5.86..4.....43.28.8.276.5.3.9..............5....2..8..745......,
....5.8.17..68..5.1....4....4.....17...4.36....3....8......2...41...7.3......6.74,
7........6.89.7...495............4...7.4.1.3.3..8.6.1.....9..515..1..6...635....8,
....4....21....9..3.8.7.2159.7.5.8..85....1.9.............14.....43..58..9.....7.,
......78.2..4.9....4.......9....8..33...52.9..8.....46.9.8..3....2.6....4572....8,
....76..9.8...12.....4..8.7...147.5..6....19...4.....229......6.7...8...4...1....,
...2...56..5...12....9..8....25.6....4........937.....27..49..5834.....9.........,
3.5....1......9.4...135...6.93......156.8................13..64..46.8.9......48.2,
........553.9...........9..6...5...91...9673...7....6..76..4....5.2...7.9..13...4,
..3...81......7.3...49...5.7.9.......6..9.1..3..5.87......76..4............481..3,
4.2.....1....31........2....35..9.1..795...3................6.4..1.2..7..5.64..9.,
..1...34536..54.1......7.........7....4..95...1.....696...7.....4....956.95.....8,
75......9..9....6..3...4......3...84..2..57..84.....36297..........68......5..9..,
..9...3...1....6..328...4.....2......6..1.92.9..3......3.5....4....4618..9.13....,
51.34......9......8....1.4...74.........9.45....8179..78...5............491.7...2,
.9......24.6.....3..32.6....4..1..296..9..7...1.4.5....3.5..4..2.........671.9...,
.17..3.8.6....2..7.4...........7...4.6.5.8...853...........76.2.........2..1.53..,
......3.2...98..5..5.732.8.819.....5.3.2..6..6......7.....5.7.8..3.9...........1.,
2.....7...4.......9..1..482...9....5.....2...8..7.3...1......5.3....8279.5.2...3.,
..1.4..3......2.....6..51.8.....1.4....4....1..8...59..59.1..2....6..8.....9.4.5.,
1.723.......8......294.17..47.1.6.8...........6..74..........2...4782.9393.......,
...8.6.....8..2...1...4.........4..9..3...2.....69.8.44...71.2.62.....9..89....3.,
.6715..2.28..3.1..4...78..3.....6....1....6...3..2.........2.....638....8.37....4,
.....9.17.....168.9.........3...........4....58.1...3.39.5.74..7.5.....6.6..1...8,
.4......8.753..6....15..........5..2.............8..34..7.3.8..3....2..5..61.47..,
.69..1.2..3.86....841......2......9....394........6.4.4.........7.1..3.....2.7...,
2..89.36..9......4...4..5.7.6...4....8..2.......9.5.....97..4..6.8......75....2..,
....8..64.3.6.......9..3.1.16..3.9...4.2.6..5..8.9.........5..2...94.........15..,
8....67.1....2...63...8.....29....1...........364..8.7..71.3.2.....9..64.....8..9,
....7.653....9...8..3.1.72.9........21.8....5.6.........2.......3.2.....18.3692..,
.4.....3..6..1.594...9.71......3...71..65.94......9.2.6......1...25.....3.......6,
..9.64....4.....176..13..4.8..3.5.9.......5.3.....1..4.95..6.7..7...9............,
1.6..2.3..5.47......916....9.3.....6.15....9........25.........24165.......934...,
82....16.9..3........7.....634....1........7.......4.828...4731.7...1..9....3.24.,
2...31.......97..4.782....1....4.192.8.......6.........9.4.3...834..92...1.......,
.7.............74...3.....9.1.834...2....1..7.8..9.1...9........2....9.34...8.571,
.5.....61.1..59.83...6.87.......1......97..3....3.6...8.......75....3.189..1.734.,
2........5.4.....6..1...2...7.6.2..96...19..4.2.4..3......2...7.......5135..76...,
.3.7.....5....983..18...65........9.9.3..7..2.8..6.....7....315.....296...5......,
.35...4...9..1..7.....4..8.3..9...6.5...843....6......16....7.9.84.9......7.....6,
.5.1.8....98...1.22..3..5...368....5...4..6....4....31........8...6..92..8....4..,
9..2.....4.3.......7..3.1...65..37.......2.....76...94..4..5....2...9.......713..,
2.....73.......94.........5...3.249....9...76...76.2..6.25......31.4....5.42.93..,
....43......1...2.......5.....57......4..8..92....4..8..84.2.9..2.....1.51.9.7.3.,
6.8.3..9.17..5....3..1...8.....8....56..92.18...3.1....1....7.9.3.82......2..7...,
9.............85.7267..1.3....6.9.......72..18......5...982.........5...382.6....,
..69.7...7.2.3.5......5...621.7.8........9..7...1...9........6..8.3..9.5..3....18,
.72........16.........7...9.84..5.9...9.6..546..2........7....812...4....45.2.1..,
1..783...4..1..2......2..35.....846...2.6....5.4.3.81...8.7.3...3....5......1....,
.4.65.1.3.3..2.89.....8.....15.34...8.2.6...............1...4.5...5...2.9....3...,
...............8....13....7..7...2..6.2.3..784..8....31..4....6.4.9.87..3...62..1,
...75.1.9...4...6..3...1..8..8..6394.7....5..94.1.............561....94.39.....7.,
..82.69..3...8.1..95......3.7...2.....5.1..7....8...9..8.6.1...6.97.....13..5....,
.6.14....45..23.........5....9.7461....59.......3...7.39.......1..96..4.7..2.....,
.57.....6.....7..38.....9...7..18.4..3.6...9...15.9...9...6..37...4...........864,
.......61..4......5..1.3.....3..5.49.5....63.9.......7.9...61...72.....4.3..47.9.,
.....4..6...28..9.57....8..4....9.7.1......24.65.4.1...58..7.6........8...9.....2,
12...3......6........5..9.....48.1..6....2....94..6..585..1..2.9.....463.........,
8..3...7.........3..7..4..22..4.7...7.68.1.......93.6.........6.6.189.34.....6928,
.2........7....65...9..4.379.5..6...4.....5.163.2.......6...74.......1....3.5....,
...7..84......3.7.......5.17.92..3..5.21.8...41..3.7.......4.39....1.......5..2.7,
7..3..8..3.....6.1.18....745..196..793.4..1................1......864.....7..3...,
.....6...6..891......57..6...7.1582..9..2...3.2...81......5.....1...7.5.87.3..2..,
9...3.7.8.....5...7.12......1....8..32......5.....7396..3....8.....8915...5...9.2,
1..8...2..........9....3..5..3...6......61......3.59..2....8...5..92..4.....4.36.,
8.5..7..4......1.7...9.1...............6..2.56..5.948.9..7....65.7..89...4.....2.,
5...3...17..6....5..91..64.2.....3.....5...6...3.6.25...1...4......7..2...4.9....,
.38..6................8.976..56.1.3..4....7..1.......99.34........8..1..7....5.8.,
64.9....8.18.3.7.9.....4..35...7..3.3..4.1....6...5..7.......9...17.9......18....,
....2..5...5...3.4.....3..99.....8..1.32........4....6.5..1....31..64..2.649....3,
.....9...6....1..42.15...8..4..8...2....95.6...56......2...84.79.41.........2....,
.28..9...5...6.....19.3..5...7.8..3..829....7.9....61..3..............92..1.....5,
.6..5.27.....29....41....3..3....4..5.47.....9..53.....57...1.4............26.9..,
.825.6......7.....75.4......2.......16.274...5..1.84...4....69.8.5...1..91.....74,
.........3.5.......7.8..3.24..2.85.......698...7..4....3..698..7.2....3.....3.79.,
.476..1..6............4......89..4..7.4.6.2..5..7...86..2.89....9.......4...2.5..,
..3.5...9...3.........16...21.96.8.5..8..51...5...72............86.3..2..7.8.2.1.,
..7..1....892....1.168..9.........5...3...61..6...5873.9..2..........7....1.632..,
16.....92.....46.....59..877...1......82..5.......8.4....8.9...9..6....5....5.2..,
92..345...47......5..81......852.9...9..4.3.................2.37.4........5..78..,
7.8.329.......8..5.4....23...2.74..9..9.5...43...........39.6.....6.5.93.........,
1.5..6....3897..529...1.6.8...6..9.1......3.5...........2531....7.2....9.........,
...8..2.7.1......4......839.8.179.......2...3.....4...27...8..16...1.4..43..9....,
9...6.28...7.1263....38.97.42317.86.6.8.......7........12.4.............849...7..,
7.....5......7....86...13......5.....51.....46.3.8..5.9....4....74...8.93.8...1..,
..3.6.........2.9..6...1...239..........1..4...78.....91.3..4........86....2.4..7,
1.8.2...7..25...3.7......12..78.....3.4....91........8........5...4.1.2.2.3....79,
...31........72..86....8....87.....1..3.4....14.....6....79.3.......6427....31...,
..8.1..5.41..5...7.7....8.4........67.6..9......3........7...6..9.1..7.3...5.6981,
..5.....62...1..7.....4.523..6.7.95......4..7.....93....7.91....13...26.6.43.....,
....9....93.....1......42...1.4.85.......34...8...5.2.6.8.....5.23.6.8..5...41...,
....263...........46.....1....4538...........543.7.2...8.34....6.....4.5.2.8..7..,
94...38......2....8......72.2...1.....3...9..........4..9.....147.5.8...2..97.5..,
.1.8..7.262..4.3.557....48....5.3.......6.1...6..12........4.17......8....3187...,
......23...4.7..1..29..15....3.......5.......8.2...4.....5.497.48.71.3....72.3...,
.9..7....3....6...7.84.1.....1....2....629....4....9.8.8.96.......7.4...46.8137..,
..2.13......4.9.18.4.....938.9...5...1..5....5..7.8.3..3..4.....91.........87....,
....8..3.96.....82...39.1.....2.7..62.76...1.........3.4.7.....1....3.67......4.1,
95...6...6..8..25..12......5...23.......1.8....49........589..6.693..1..2........,
...9...5.....6.....2.31.6....58.329..........2.......7..8..5.3..69....8....6...7.,
...4....187......4..56.2..8...8...4.3.1..62.5...3.1.6.4135..............7.6......,
.5.6...48..........47......3.1.6.4...8.13.5..6...7.......5.47.2.7..8...6..8......,
.236.8.......9...5..9154...3.1.2..........41.......8....43...5.1.......2...8.21..,
......854..9.......75....635.48..1......36..576...5.9.......6........4.78..41...9,
4.....27.87..1..........9..7..24...9...67..1.6...8..57.8....5....9....24.6.1.....,
.6..13.89..8..541.9.5............7.84.9..73.........9.....341........9.6..36...7.,
7..2.........69..54.5..897..8.....6..6..7..52...........8....1..17.8.29.9...2...8,
..736.5.23..9.2.8...6..53.7.64.8.......6..2.992.......5.8........94.....74.......,
...4...63.....8...532.9.....9462..81..6...3..85.3.4....1.2....8.......9.98.......,
....3.7.8..9..5..1...2...4...8...2.....71.53.5.......9...5...13.42....9....34....,
2..94........1....6............693.2.....3.54.2..7......5.34.67.....1..53.72..4..,
59...7...4.712..9..6.....37...........5....4..2.........6.7.914.5943..6.2...61.5.,
.....91..31...7..9.......455.....7...97...2........3.1.597.1...7.4.6......3.25..6,
...15.43...5...1...2..............5.5.7......1.6..837...36...2....4..7...7..3.58.,
..6..9.8..31..2.9..9..3..7.9.8....1....62.4..4.29...........3...8...1.....3...7..,
237...95.......213.........4.39.2..7..513....62..7...9.......71.5..1.46..4.......,
.1479..5..7..13..9...5......4....1.3.9.2....76....19...2146.......3.5.....7.2....,
...95.1....9...7.4.18.4..5.......51....3....2....85..9...2.74..5.2.3......3..1..7,
..6....7..3.1.79....18....2.627......9....4.38.......9......3......9..14129.....7,
...6.9...6..7..3.8....32...7.9.1....5..3.69.........3..7.5..1..8....3.7992...8...,
8.97....6..685...........292...7..........93..51....6...5612.7.....3.....1....3..,
....6.43......85.........6.9...3......65...1.4..18.9.....61..93..5...7...8..9..4.,
..347.26.8.6..9.75.4...89.....7.6.......9.6..4........35.......97.68.3......42...,
.......7..59.3..2.78...25.1.2.8.......85..........72...63..8.9...2..68....5.7.1.6,
.8.2...39..2..4...953.....2.95....1.1.73..54....8...........3...74....9.2.......4,
.......48..6....9..1...235.6..83......3.1.....8.....1.3...61.2.1.5..49......2.48.,
9.56.....8.1.....7.6.......7.63.....3..7.8.9..8...6..31....7.69..4....1..5...4...,
......25..5.........7.3....73..4.6...9....34.......8.2.28..4....65..94..3...65..8,
.387....5....89.64...5.1.7...5..............1.4..1....9..1.3.57.7....4..1...7.68.,
.14.....2.5....83...3..2....924......4...8..75.8...2.9....5..8......3.......47.5.,
1659....2.....3.......8...........54..1.......3.6...29.93.26..5..8..5...2..4...13,
8.5.19...6.......1...53......32..7..7...613.591.....8...9..3....5.7........658...,
.9...3.4..1..57.83....4.917..2.........531..215.8...3.....15.....97.........9.4..,
....96..2....5.8.6..4..2......7...6.....234........32..785......23.4..9.4.6.....5,
...89............9.8...1.5...245..96.4......29...76...4..6...7.5...8.....7.....84,
.......5.185...3...3..9.7.........2.8.9.1..3.....8.1....1.385.....5..6.76.8..7...,
97.8...1...8...2...1...29.32....5..98..........1....754.9..1..8.3.5....2......1..,
.7...21....5.........7...25.391........426..95...7....9.....2.......9.4.6..231.7.,
.4..6...2.764.1..83........12.3.....4.5..........15..4..7.52.........6.3..81.....,
...2...34..8.3..1.1..5....9.9...2.4.45.1.3..6...6.......6381......9...6.91..2....,
1.9.5.7...3.1....5..5...4.9...9.6.7.2...4.....6.5.2....9........5.6....14...1...7,
...9....39.21.....1...26....4.2.5.....13.45..6..........64.......3..2.655.7..1.9.,
......4.31.7....6......8.9..6.49.....8.7..61...3.....2..4....2..762..8..3...4.17.,
9.......8..689..4.4.3..5..289....4..6.....82.53...1..........5.........1....536..,
.....5..4...8.25..67.34..8.2..4....6.4..53.....37......67.3.4..3..29.....8.......,
9.3...1...87.....95.4....8.86...14.3..9.....71..........89....53..86.......7.....,
......5.....1.9.8...5...7.....7..3....8..4.67......8.4.9...31..1...46....63..7...,
..3.8..6..5..94...7......15..431....5....897..6.4.........7......91.5....7...63..,
....23.6......4.29......7.........36..7.5.29....4...5..947.....5..86...2.86...3.5,
19.86......679.5...78..2.4...........4965........2..6.........2....8519......1485,
..5..74.....1......2....73.5...2....8........9.14..8........54....8...97...9.5318,
..1..3..6.......8..8...1...5.....39.1...365...4.7.9...4...187..6.7...4...5.......,
..17.92........8....8.4.1.738.....9.....6.7.1...4.2....2..1.4.....9.8..37........,
.....2.9.....5...2.6.18..3..86.1......19.7.8.2......1.........9.13...875......36.,
...8.6....5.1......3...71.9.......1....3.2..6...68...5..8...5.79...2.6...1.57.3.2,
5........3......61..8....7...3....4..415.3.98..9.76.....53........8...19.861.5..4,
68.91...7...........975.1..1.8..5.........25.....2.....9..8....7.6..259.....7.3.6,
2.36.1......5..4.......2.....4.5.37...2..61..6.....5.......5...1.6.738.....82..4.,
...1..7......32.5.......1...6.4...2..91..3..632.7.5.4.....1.4...3.5.........4..97,
..173...4.42..69..37......66.9..23.................4972.....16..........5...4...9,
.64.....99..........8.34....15.....8.9.4..6.....398.5...75......8..7...63.......1,
...63.....23..4...........7.6.82...5....1..8...4..3...31.........2...5..64..87.12,
457....3..1....87......4..6.....3..73.2.1......6..8..2....2....8...7......3..1.4.,
6..938.5.......6..25...439.....5......8.7.26....6.9.75..6..2.8.9...4.....42.9....,
.4..2.......6...2.7.5.1...3.3.....7..5.3....2..1....4...9..461......59......6..3.,
...94..6.........53.8......64..2.79......3....5..8.....97....2482....3..4...975..,
.9.....8..2..8.3.6.3.....42...7..1....7.12.6398...6...4..........2...694.1....2..,
......5....84...9149........8........1.8...73..5...6.9.......6.369.5.....719...4.,
..3.2....17..4...6.48..612....8..31.............75...8.....7.6....2...4.2..135.8.,
.785.1.9........5...1....6....2.4..8..5..71...2..6....1............867..269......,
..45..8....924.....6.9.1.........2..4.5....8..1.8..56....65.1.9....1...2...439...,
6.49...8..7..2.4.33.94...56....4...5....3......5..9...4..2.58..2.7.6........873..,
....7.9....7.164.....5...72...1..58...2...1.4.5.68.........4....8.......5..96...7,
.69.....5...5...9....6..8.7..4.......5.4..71.....9..6....9.6482...7..9..1....8...,
62......5.4...721.57..81.4................7.6...9..1....47........1.9...789..45..,
...5.2.3.3....8..6.5..6.8........61..9......32..84..5.86........1.6...4.5..49....,
..92.3..5.....8.678.6....3921.........895..7..95..6.....2.......5.........71...52,
.6.....4.854.2.........9..8....6..74.93.478.....2.3..57......5....3.6.822........,
........1.1.7.268....8..97...2....4....1.6..9..43......36..9.2.............6317..,
...6.......5....6...7.24..9.59....8.4..2.....7..45....2...8..95.9..3.8....6.....2,
9....8..2..4967..5637.5......3...4..7..2...........8.3.4........5..9......8...29.,
....79.....8.4....74.8.31.....1.4..8231..876.......3...........1.6....3...3...926,
........6...5...89...9621..7..8....3..3..7..1.5.3...9..6.19...5.1....2....72.....,
26..........7.6.42....5.....1......6..6.748..5..2.....7.28..6.1.5...13.....32...5,
...25...3.9.3.6..7....74..167........356.2.9..2..153...6...9...2.....6.....1.....,
3.6.5..719517..4..............18...7...6.791..6.3...8.8....6......4.8.9..3.5.....,
....6..47..2.87..918........2..98.14..............3....14...2..96..7......84..39.,
8.7..92...1...2.53.......8..9......7...6.......3....6.3..2....17.8.1..3...186...9,
8.....1.7....9.3.44.5....86.........1.4...6.996...1......35.8..65..4.......7....1,
......3.........2..58.6....3....1...5.2.97.8.....5.....8..7..6.6.79...52.3.5....9,
.....2...16..43.....9......5...2.4.....4156.2.......3...6.3..9.4..8.....83..61..4,
39..2.46.1..5..3.885...9.2....4........86..3.....1.......3..1...86.......1.9..64.,
4....93...........2..............87...5.3124.18.4.....5.2.47....1..5.7....9..35..,
9..4......42.........8.....18....7.553..4.1.....1...4.7.9..8....239....7.5..23.98,
..9.............3.3.25.19....6.5......5..4..1.83.......6..9.1.....6...52..18.3.4.,
2..7....8..762...3.....14..3............4.7....1...69..2386..7..8..1............4,
2....8....589.7....9...6..86.7.81....1.59...6....7..8....2..9..4.5...6.1.......5.,
....4...2......93...9...5.4.2.45....3..12..9.4......18.......2...8.....925.6..3..,
.91..6..2..247.9.37...3.....3.5...2..54...6..2.9.......2....5.91.......7..6......,
...4.....34.8.9.7..1..67.8...36.......8...1..9.....63.......94..5.3....1..4..1.5.,
..2.637..6........3.84......8.2....44..17...9..3.....1.2.....187.....2...........,
..8..........2...613.7....8.42....576.7..........4.....8...31.53.....7..7.56..32.,
..4...7.1..7.5..2.62.....8..8.2..6.74.2..1....59......1....6....4...51....58.....,
75...368..2...93..........5.8.....4.9........5.......9....82..72....596.37..965..,
.7.95..46.8..4...7..2..75.8....86.......7.........1....1......9..4.2.6.5.67195.2.,
..618...2..96.2.7.7.......61..8........3..6..953....87......13.63...5...8........,
....82.39....46..592..5..4656............8.2129........15.6.........1.........3..,
..8..9...9..3.4...34.5....71.47...3..7...86.4.3...6......6.5..1..581........9....,
..21.63..6...2..9..9...7.......8....2....3.8..1....9..9....28....3..1...874..96..,
9.5.17.8...1.....7.......6..3.5....95.879...2...3.2..5.17.6......9..8.31.........,
..7...19.8.59..32..3...2.7...8..32.9.621......1..9.8....1..9......5.7.3..........,
8............4.6.8.....2.1..92475.8..6.....7.4.5.6.9...2...6.......8......6...725,
.36.............354..19...69.....6.37..5..21....71.5..6.1......572...14..........,
.7.....2.....189..6...3...5..26....1.67........3.9..5...1.26.7..9.8.....28.5.....,
...5...8.9.3.2....52.7..3.64...57........4...........5...8..7..3....6..9..8.396.4,
..382............9...9.6....2...5.6.8.....37....7.....2...6..57.58...9..6.7.3.1.2,
.97.841...31.7...2.48..6......7..36..73.....8.6...2..7....9..........4...8..4.9..,
.......9.93...86...165.7.8.75...6.....9......4........5...6.4...8.....73....358..,
..........6.231...59.......3...6...2.25....7.7..9..6.19..7...5......32....8....97,
.6...3..19......65.1...6842............92....3.8....19..9.18.5.435..........3....,
.732..1..2....8..9.8....4.6...19..3......6...62....9.73..4........7.........21.9.,
19....65...............92...3.6.1...4.15.3..82...9..........34...9....6..851..9..,
43........5236......6..4...9.4....65.....7...5...8...32......583..4.6.92.4.......,
..1....5.85...297.......4.6.6.......9..8..724527.9..1.7..........26.....68...71.9,
....7...31..64..7.4..239.......9.8..3.74..1...4.3.....2.1.........1..3.29.6....1.,
.2..6..3.4..7......6.53..78..46...........745.7....9....7...2....6.......3....859,
...4....86.1..5...7..2.16..2.81...9...9.2.....6....75.......2.4.....6.8....8..9..,
.1...5.9.......7....21...6.3.........5.617..2..6.3..57...7.3..6...2..4.....4..319,
.37.....4..2.9.1..4.......2...81..9.....3...6....2.3.1.7.......8...416..9..78.24.,
54.1...3.12.35...7.........4..9....239.4.2.5.76..3..9.6..79........15....752.....,
6....5............5..492......25.8....814.5.2.3...8.6.4....12...826......5......6,
.3.8....1.8.....6.....2..........5.6.4.5...9..6.3.984.....3.2..3...649....49....5,
..6.......4..7......2....41.....1.8...864.5...2.....3.76.5.42..5....23....371....,
.....31724.....386.........7.6..8.24.14..7....8.62.........651.17.....4.....3...7,
....6.......5...8....8.7..2...7..92...148...6.2..9........5..1.1.4...5.9.76..1.4.,
..7.........362.1......19...6.15..9....47.............9..2.7.3.41.5...6.5.....2..,
.5.37....6.9...7............65.92..117...83......5..2..2...1......2.7958....8....,
9.1...35.6..2.......5..1.2.........8.6.3942.....6..9..3...68...5..1........52...9,
.1..8..3....25....7.9.3....1..8..5....8.......75.......271..9.86..9..1.5......7..,
...6...7.265..9.4..4........98....2.3........52....9.....8....448..962..7....45.6,
7...5...4.51.......9...3.52..47..3.9..8..47.113...........1.......24...33.9......,
....3.651.5.................32.9....1.....47..7.51.39.5.347...6..7.53.4.4..2.....,
1.9.35...8.........6.17.....8....1.62.7...3.9.1....7...9.6.3.7.5..2.........9....,
8......2..94.38......6.4.98.8...345......5..7.3.......74.........5...7.6...95....,
4...........1.8.....9...1....8.43.6.......8.454...79..85..6..9.7.......6.96..47.3,
......389...4.....1..8..5...47....5....7....3...9...18.743.8.......5.24.95..4....,
..4.61.7.........61.7.35.........6.45.31....9..8..3...89....46...5.....7......9.5,
....87....2.4.....89..56..1.....5.....6...2.7....2..9.5...7.8...621...5.1.4..9...,
..29..3..35.6..72.86.....1.687.1.....2...3........6...1...8.2........59..76.....1,
.58....627.........467..8........4..6714...5..2....6.8....2..3.13....5.....8.7..4,
6.45...185...9.....8..3...7.1...4......3.1...4.678......7.......91.7..3.8.......6,
.1.4.5.7..72.6.........34...8..3..62......83....7.8..4............8.4657.2..561..,
9.5..6...6...4.....1...9...2.6..4.....752.6...4....5....2.7..3..73....2.59...3...,
39...5.47.5...7...8.....3...814....2.........7...18....3..24.5.1..3...7....9.....,
.857........39....19....8..95...3......6..1...1......8..6..251.....8...2.7..36..9,
..7.1568.6....87.4.........4.5.7.8......5.2.9.921...6..2...................82641.,
........35.6......7.......8.1..83..44.8.6.2..2.5.4...7...4.8.1....51..7.1..6.....,
62....5...87........1...8.6..5..96..........51.926...4.....2....1.65..28.4.1.7...,
4....53.6..34.2....781...25.6...8.1...........4......351...4....86.3....2..58...7,
.....3.5.....6...885......4135....9..6.3.8.2....6....1..1...9..946.........12....,
.7...9.6.4.....1.73........6...2...1.3...59.2..2.7..4..6..945.3.9..5.......1.3...,
4.........973.2......7...3....471...2...8.....5.....8..2.8....4..4.2..9..73.5.1.2,
9....5..68......7..2.8...9.6.42..7...8.5..2...57.46...7.5...6.........1..1......9,
..659..21..9.68.......4....5..7..1.49..15......7..69..65....4.....91...........57,
3..52....4.......1..1.6.2.........6.9.....1...4....59.63...84.921..9...6.....3..2,
..6.28.7..9..4.5.....6.......5..2.644.83.6...3..............93.....5..2..2..7...5,
31..84.......67.......3.95...57.61.4..8..5.97....4.....8.1.........59.....7.....5,
......69..6......4...89..1..5..4.....926.1.476..97...2................65..8...7..,
245....6..1....5.......32..1.32..9...79..8....6.9....5...............3747...15..9,
......8...3.8...722...75.49.2.....145....8....9..5..........72....3.7..1...14..53,
.2.56............371...3.9.........8..92......5...1....6.9...8..35..692...2.1.3.7,
....7..9.3......1.....46....6.2....5.1..9........5..42.2....7..1...2..5.4.5.3...6,
.7.....5.34..5......1.974...973.82...1...5...43...2.79........3.....4..252....7..,
.7.52.3..23.71....6............72.38.....1.4.....4.6.1..4...........3.16..8.....7,
..29....4.7.....39...2.1......1.....49357...1.5634.7...64.....57.....96.5........,
...5....4.....81........98..2..817.5.......9.5.94.7...24..1.....78....6..15.....2,
74..1.....5.3...7.....8..46.....82....51.......3..7.....16.......685.3......415..,
4681.......56.28...............26........85...725.1.9..4..75...8........6..4..7..,
38.2..9...9...7.85.....12....7..584.....8.....5.....7.2....4.9......94...3.....2.,
92..6.....4......7..1.45...8..............948..9....1.2.6...5.....7.4..2...8..7..,
..9......8.3....4...1...635..45369...1.89....5.......8.2..6...1..5..2.......8...6,
..5..38...3.............7....83...725.1..2.6.....5.....6..25...8....9.1..5761..8.,
.....24.6.....8.....73642...........9..756..3.......2..9.......5428.9.3...8.4....,
4.....5...6..3......72....8.....27.31...5.4..2.3.6...5..26........8..347...5.1.8.,
8....46........9...4.3....85....2..4.9...6............2...68..5.3.9....19..1.328.,
...1..3.99.....2....5......7.45.2..6........4.5.96....5.76....2.26.915...91.7...3,
.....72..28.....4....6..38.......47..24.7...8..6.....96.5....94.7...6....385.....,
4..9....7.8.72.....79.8.....27.6.......1......9157.........1..5.56...7.12.....86.,
6...21...2..493..8...8.5....4.....2.......846......1.3.6..1..549.....3..721......,
.65....8..31.4...9.....71.....5.9..3.8........5.16.........6.1..1.8.435.........8,
.421.3.9.5..4.71.....69..............1..42..7.....16.5..9........457.3..2.....7..,
..3.......1....5..2.......43............754.86.43..7.1....8...7..2....6.165.....2,
.9.....8...3.4.5.....3.1.2....52......54.3.......86...9.........51268..32.8..9.4.,
.2..6....1.6.49...98.2..47........48...19.6.2.....61....1...784.....5........721.,
..5....1..7.....6.....132.4....74...64.83............5.21..85.....15...7..34.....,
.2...3....51.8..739.72.5...8.6.............21...9..6...7..18.3.......517.........,
.5..1.......27...3........6..5..4.7..91...6..37..5....2...3..9......92.4.3.52.7..,
.........5.86........7...26.56..48.2.....8.4...13.........5.3677.3....1.4........,
.6.1..37....8.6.........2.........3.....1.8...25..4.1.5.....7......52.6....64715.,
..6..8...5.........28..1...8....53.....3.91.2...8....4.52...4..689..3..5..3....96,
.56........7...19.....3..82...9..2....15...6.....2..577.3.....8......5..8...6....,
..6.....43..657....2..1...9..7.63....13......2....9...4.9.7........26.43.....175.,
4.....9.6........11..7.......8.2.1.43.......9.1..6.72..4...2.87..7.1.........82..,
7..34.......95.87...6....9..2563....3.....7.2.6.48.5......6.38.......2.9.3.......,
74....12...1..438...8....6.8..63......7..1....6..8.......3.6.........23.2......75,
5..64.3...6.7.....348..1...65.3.84........9.6.3.4...58.9.5...6.........1.....7...,
...4...5....1..4.662.......8.9..6..5....14.72.....98..7...2........98......7...21,
35....9......26..462..4....4.8......5...8...1.3..92..6...............29..8.5..3..,
.5.........2.6.8....72.1....2..........4196....9.....7..6..5.199..14...5.4...728.,
....7......1.4.67.9....2.83..38.7..98.93.4.6..6...12.............4..9.12....8....,
..9..32.63....5...8..26.91.....1...........82......3614....18...3........56..8.39,
8.46..3.2...7..6.9.9........1..69.....2.........378....6..4......9.1....3.8..79..,
2...8...7.9..762..5...1..9.184...5.......1..6.......4.61...975...25.7...8.......2,
....3.......1.4....4.....1.....7....9..8..43.2.1.....7.89.1..7.6..78.3..7.492.6..,
284.......37......6....2.7...53.17..8.......5.....6.2..7..1...45..6.4.3.3..78..16,
.3..9.7..9......51...136..8.....8...38.9.76..567.2..1.89.......213.6......5......,
.2569...1..1...6...7.......2.......5.18..59...59.1.7..3....7....9...6........9.53,
.3.......58.3...1.6...15.37...............9.3..1....56..2.5...83...71.69...6.2...,
1.2.......854..9.........814.9.5.2..5...97......8.2.6..4.5..7.........1...1....54,
9.........2..7....7.3429.....7..23........2.81..5.8..7.3.....2....7.5.......1.4..,
.246..............561932....59.....24..1.....18..5...62....3.6..93.1...4.1.28..39,
...7..3.6.....2..96.4..9.8..29.......8...3.....6.......3...684....9.82...1.2.7..3,
6.....5...198.......79..6..2.....7......8....4..67..1.76..4.......2......45..692.,
.9.54.1....16.8..9..89...3.5864.....9..8.156....3....41......8.........1......452,
...67...4.......5..6.9...376417...29.3.2..7..57....41..9.4.2......5..9...1.......,
6..3.84..5.1....26..7...8......6..1...2..5....7.2.3.6.....1...8....4....2..7.....,
14.9......532.4...2........48...9.3.....1..7.....37.8.....4..53...58.297........1,
............6..789....2.1...61..........84.95...7..81...29.7......86..5...4..5...,
943......16..39........2...6..257.3.3....4.6...5.................954.7.....7.6294,
3..2...848.5.67..9..............2.4.69....52..7....6.........3.5.48......2.9..4..,
.4..2.....2..98..3........8..65.............7.5....8.2...38..4.6..2....5.37.54..9,
......3..42.....8......5...27......88.96........3...5..4.52.8967..4.6..2...9.3..7,
..1...26.7....3415........3...........7.6...4.4.92.1..2.63..7......9..3.3....5.2.,
......6...6.5....88.974.......125...7......5....8..1...4..1...7.7.68.59.2......8.,
.8....4294..7..3..1..2.....614...8.3.......46..9...2.........78.61..3...8.2.1....,
......3.75.7..1....3.2.9...17....2942.....1...6.....7..9........2.9.463.3....294.,
.75.....16...79......62.......4..81.....1..698.......2...7...4..9.8..15...4..629.,
.......2..3..64..1.68.5........1.6.8........36....594.9..8...3..8...61.5.2......9,
.....6.81............81.4..6....89.....6.32....72...6.81.4....3.74.....9.6.9.17.4,
..6.....1.1...4............32.....7.....6...3....135...64.3.8.5.516..7....87...2.,
..8.71...2......6..7..9.3..1...4..3..6.9.8.2......7...9.1..3.....2...67..472.....,
....8.7..2...91...6..7...1.162.......4......6..3.....9...2.7..4...9.6....178...3.,
.4............3..9...2.....62...9.8....6....3..37..4...9..6.7..21..3..6..7.1.4928,
......6..2......9..53...1.2..71...8...68....5..........6..97.3..1.5.8..7.8...35.6,
..4..........2..5..67..9..3....7.62......4.1.9...567..2........6.37.5.....9....46,
...2.6...3...57.2...791.......641.79...3.92.1.......4.92...4..7.1.....6...6.3...2,
....5..9.3....47.5......4..57...314.........94382...7..8.3......934.....1....2...,
.....7.3......5.7.1..........4...9..62.7.....3..12..5.4....3..9.3.9....627.6....3,
....3...6...4.........57.4.67....9...239..5..54.3.6.8....6.5.7....89.....9....2..,
4.1..3......9417...6......3..981.6..54.........6......8.7........569...1.....7.5.,
.........1....6.3..4.....2..1...73627..4...8...5..2....8.......37..2.6.8..4.5371.,
7....82.3..2...8..........1..4.2...8.....13.........759.31....2.8..975..47..3.9..,
.5.24....1.....9..........84...1..26..7.95.........5...8.6.7..4...18......9....65,
.8...6..57.5...8.9..4....3...8.2..5....6.534.6...98..2............8.2...2..3.9...,
.6...1.75..23.....71...52..59....3.2......1.6.......5....1.97.4.21......4..5..93.,
.....64.......291.3.4....6.1.6...349.7......5.4...5...9...2.....6.........59..1.6,
.95...8..1.2......6......4..48.7.2..2.....95...7.......6.82...55.976.4......91...,
.6.8.1537....3...2.....718..8...54.....1.2.....4.7..5..52..4.7..........1.7......,
....6..93.........32....581....5.1.......1.32.9...8.4.....429.67..........5..9...,
..693.8...2.7...6...7.1...4...4............3...86.....6.2.41..3...26..1.1....8..7,
..........3..8..941.23...8.7..29.83..29..8........1.2.3....4..9...7.6.....7......,
...4......9..17..6..1.....8..8..........823.9.3.9.62...7...3.....4.....7....2.6.4,
......3...1..........74...55...8......6....78..7.9....4..95..83.51.3...6...6...4.,
6.7.3...5.......6..8567.1.4....12.46.2.4..3.8.......1...4.8....1.83.....2..1.....,
.36.5..8..783...549..7....3....8....4.9...26..65.........89...6..3426........5...,
74...56.......7.....326.....36.....8......2..18..7.3....4.1....6..7.8.5...15.4...,
.78162.4.94...7.2.........8...91......34....14...8.63.3...9......6.7...4...6.....,
1495..3.2.3.....9.7........49....7...71.8.95.3..4..8.....7...3.2....5..1...1...7.,
....37....8.5..9..7.34.1.6......57.9.6...341...8..4.....5....8.147..............6,
.5....8..3.42.......2......4...2..96.......45.9...6........85..7..3....453..4..29,
..........5.4..2.......23.116..354.........56...6.......2.1...........45.3.5.49.8,
........2...2..7..7..4..8...6......98.5...2..24.6......9...7438.8..93.6..........,
5.32..8....8.3.54119...4...9...2.1.........64.......3.6..9....53.....98....61....,
.45.....8.9...2.....174..9..7.1...8...8..3....5........84.3..57...4...3..1.57.42.,
....41.8..847....5..79.2.34.....5...3.12.9..79.....523.......7...2...9..7........,
.....95..3...6.2.4........85......7...4..59...7.6.4.8..3..7..5.2...5.34...6.2....,
...1.4..7........2....76.39.492.....67...8...12.3.....3....96........8..4......71,
..7.......98....7.53......6.8..9713....86..5.7....3..8..368....912.3...7..5..1...,
...6.13.9...9.4....9...84.5.5....6....6....8..3..1.52........3..41...9..8.2......,
...68...1..1.3..2.........8........4......51....1..692.5..9..8.1.3..8....945.2..6,
..4..3...9..........376..4......5..7....8415.4.563...8.......1......6974...91.3..,
.83.7....2...4.7.3.4..3628.............6.4.9...7.........9..46.6.8..21...9.....2.,
....89....3.24........61..31.7.......62.9....9...17..8478....1.31...294..2.....3.,
.....7.4..4..6...8...1..3.9.97.1.5.4..3...1..86.....9...8....65....4.....3...5..7,
.8.......7.....2.9.......7...75.2.3...8..9.6..5..8.9......3...53.6..1.8.59..6.31.,
...178.............4........8..25.1773..4..2552......6.1...2.7.463...8..8..4....1,
.39.4.7..4.....3986.......4.........2.8....3.9..5....27....3.6...49.......6.8.527,
1475..2..2....35......4........3..745.3.2..91.........91.....5.738.......5..84...,
....14..767.25...........597.....6...4..9...8..8...9....45..8.6...6...2.....89.4.,
....1....97.8.2...4215..8...9..5.......1.....8..4.932.2..38.9.......4...7539..4..,
.....5.6.7.3.64..1....974.24.7.......19...........1...57..192...9...67..6..2....5,
..2.3.1..6..7.8.2.4.861....7....4.3.13....6..2..5..........145....3.....3...8....,
..2.6....74....65...65..1.2....73...2.....8.143...5.............6...437.8...1....,
.6......14.12..9.69.........3....65.2.4.95..............3.4.5......53.19...7123..,
3....9.5...7.31.....24......2.71.4..4..2..5...81....29.......8.1.3..4...5......4.,
7....632..8..41..7......4...6.2.3....2....6............396..2....7..4..8..897....,
354..........7.1...8.5....................74....94..8..1.35.27.79.42.....35..9..4,
..........3..5.6..9.4.86.17..64...98..3..7.41.9...1.....5......6....8...3.7....8.,
7....3.....31.4..6.1..........2....46..4.....9...8......1..29.3..4.168..8.7..9.4.,
.3....9....62...7.78.53..2....1.28...5.6..79..1..7326...8.........3.......579....,
2..56..8...4.....56..89.37.......43........6.5...8..2.9236..7...5.7........3.....,
..2..34.8.7.2..1..41.76....3.1..97..26.....3...7..6.9......7..3..6..49......1....,
.6..57......4.....17......893...6..5......38.5.139....3........6..7...4...714....,
.96....2...5..4.6..2..3..75.124.6.3..4.92.....7..5...2.6.....19............1..3..,
..67.1..39....3...41..6.9..3...1..8.6....8..4.9.63..21....8..............289....7,
.7..2......25..18451....9.74..8..7.1.5..3....3....78...............425......9.4.3,
.1.....54....7.9....9..6.2...1.27......654..1...9.......3......5.6....197..3..4.6,
29..6......4..2.1..........6..3..2..4.....3...13.4..56..56....9.3....52.1..5.37.4,
.1..4.5....3..7...7..5...1..........9.41...6.....6.9.2359...17...2....5..7.4..2.3,
.81....34.4......72.3.....9..21.3.............1.8..9...2...7.45...3.5.78..84.....,
.79..2..4....6.2..2.....75.5..6.94...4..1....1...5.6.......5.......78..5...4..1.8,
..47.3...6.9..4..........9.2.......3..3.4..1..7.2...4.18......7......4.2....6.8..,
1.....9...879.4..2.....71..94.........645..9...5.6......8..2...2.158..74.5.......,
...6.9.3..........1..3...96.2.....4.76...8.1....93..8.....67.28..9..2..1...8....4,
...6.43.7...59....4...321.....3...5..7.9.5.1.3......746....1.3...1.5....2..4.....,
..27.....9.8....27..6..38.5..4.........83.....5..2..3972.64.....4....3.......5.7.,
....5..7....738..5.6.....4...2..9.5...6...3...4.2...69...5.6.34....47.2..2.......,
.6.7..4..1...........8...1373...4....4...7638....89....769.18......6.....2....14.,
........5......28...4....133...7..9...2.4.....198..53...8.9.3..9......2.2.31..47.,
7...4..51.915...68..48....7......7......6.....7..5....36..7.....8..9...45..6813..,
..54397..67......4.........9....4.757........8.2......4...78.6...62.5.........3..,
.38.1.......9....5..5.62....6....3......91........57.272..........3..8..3...76.1.,
2...91.4.56......27..3.........1..75...7..9.............2..4.6..7.2.3..1..1.76.24,
14.7.3..9..742.5..9...8..3.3...1....271....48..........923...........2..8....1..4,
.6....1...5.9.64.8..98...2.....42..5....8.63...43....11..2.5.......9.........1...,
.1..8...38........4.365...9..9......1..4..25....2..8....5.2.............694..3...,
.8........76.....85.4...7.....7..81......46.2..1.29..4..25......1..7...58..6..4.1,
.4...9...6..3..4....74..3.53...6...871.....6...65..........1.........9.....9..583,
.9...1.....1.3.9...3.24...7...3......7....5.2...9.67.1...1..2..1....46.5....65...,
..96..78.....92......87..39.7..3..2......91.72......6...5.28...8....6.1...13.....,
12..8......754..2....71..387.4.6...3.6.........5....7.27..............64..1.2..57,
.72....6.........25.....1...8.3...1...39..7..1.78..9.6819...2......5...........71,
.9.8..76..8....2.576.215........7...63...81........8...7.9315..........9..3.5....,
..3..6.9..54..3...1.........9...4...2......6......71....7.49..34.53..6...1..7..5.,
..3...6.4.4..16.9.2.9.4..35................5...72.9....9.......7.4.31..9.3..9.472,
.97..1.3.6..3........2746.......5...2..64......37.......2.93.54...4.....51......6,
...82.3...2...68.5.....3...6.....5.7..92...6..7.9...18...3...........75....157..9,
.....2...6....91.519...4.7..325.....95....3..7.......1..5.6........4.......7.3.9.,
...1......2.......5.6.....78..361..2...7......91.8...6.1..7.6.928.6...3...729...1,
.........59...2.8......9..7.8...........6..939..3..528...5.34.2..4.2....73...8...,
.3..5..4.2...4.3...9......5...4...2..2....613....63......8...6...93...8168...12..,
3...27..1..7..4....62.3.4.5......3..543.82..71......8....1....4......2....6......,
.8..49...41.78......73.....8...1..92....3...6.629..3.8.9...4.1....1....7........3,
......87.973.....2.2......4.3.2..4.95.47...3..........2.....9.18...5...3....49...,
3.2.1...91...5.4...9..8..3...........5..9.1.3..8..1.5751.....8.2...........5..7.4,
....6.5.....5..3.1..8.3...9..179.....7......6..3..1...6..4.58....9.8..67...61....,
5....86.1.9.672...3.............3...8.7.59.......8....9.6.3.1...1...5..9..3.6...8,
267........9.......8......2...16...9...4...2.94.2.....57....28......5.46614.2.9.7,
5..14...619...5..............1.39.4.92.61...7..65.......4.9..........9...6..7...1,
.8..6....2.5..81......124..851..7.....265....9.7.......9....86.......5.2......7.4,
.......9..6...8.....8.914.....6..5.1..54....76.7.1.......3...6..8....75...9.....4,
.9..28..1.3.5..........9..4......3.2.6..3..192..1.4.68...642...1..8......2..5....,
8...5..4.6..91.32...26.8.....3......1..3...9.45.......2.8......9.......1.3..492..,
...8.....7......2.6..3.78..4......8.....1..4......627.27...1...1..6.4....6..5.3.1,
..9..2...4......5...53.94..8.3......1...9....56.2...8......12...2..8..35.......46,
.9..2...1..2.85.....4....29...7..............7.91..6..........75.6.4.1.......9.42,
.................5..1.92....4.7...5...213.9.6..6.4.21..23.1....6...7....7...6..34,
..3.......9..2......2..7.3.....823.4..4.7..92....15.7.78.....5.....9..2....1.....,
.9......5.....3.42..26.7.8..4.26....75.........9.8..5.63...........4..9.....3....,
......4.6....1.......238.5...5891....4.3....5.9.6...32.......2.3..15......8......,
4...1.....9........3....9..6.......21.469.3.5.5...214.7..3..61....2..4..96..4....,
36.......81.5.......7..9.....5.....723..1.6.....86..9..5..3.......6....3...2.8..5,
6...7........5..3.7.8........5.8..2...4.2..1.2..1..3...3.4.57.......6.4.5..7...61,
..16.7..587...53...9.31.8.25..1.........59.26.........18.2..5..7....6...........9,
.9....8.2...7....5..5......5.9..4..3.....5718.3..21.......4....4.85...27.2..8.4..,
7.1..9.5..39............38..851.........93...6........9.27.5.6.37.9.2.....6.1....,
...9.257.7.9.......82..41...27.....51.......6...8....4.7.......6.4......8.5..6.29,
9..3.1...16....3.........84..64.......8..3..63....9..17.....6......4...8...1..579,
.7.1....9..8.....319......76219.......5.3....93...........6..5.2..75.9....72.8.3.,
...4.....9....8.5....63.481.....5...3.6.7.5..1..8.....6.57...4......4....7.56.39.,
3..2...612..6....8..49...7...1....4.9........8.......9.3...89...2934...7.7...6..4,
19.8..7...2...54........93.93.......25.1..8....897....5..7.3..2.......5...1......,
....5....81....23...2.......81..6..762....4..5.3........6.41..373..2.6.8.......2.,
.6..9.1...2176....79........39.1..85...87......6.........3....8....8..3.2..1.795.,
.1.5..7..5...81..2.62.7....4....8.16...297..5.2..1....7.6.......58.2...4......9..,
..64.7..8............2..3...3.9...7........96....1643.14...8........49.19..67..8.,
24..5...88.6.3...2......9...2..8....5.4.9....3.....1...316.....9.....534..8......,
..5..3...........887.4....6952..86...6.2...3......7..4...7.....6.3.....5.......2.,
.6.....3..54....81.1....457....3..1....5493....8.6..9...5.......9.....766.1..8...,
86.......4....9.....2...1..9...4.28.748..2..1.....6........4.....5..89.2.9..71...,
43.......7.........925..3......3.2.........7.26...9.8..5.4...62...7..9..6.78..5..,
...9.2.75......6....5...4...6..41...75.29...4.9457..6.9..1..3.........2....6..95.,
.9.2.5.47.14.....556......9.....1...9.......8...7.......7.128.....8....4.28.47.9.,
..5.16.3................71..42...35.7.1..5.4..3..2.1.9.1..6.......7....6..95.....,
.4....73.....836.48........4.8.6..93.9..1......294..1......2.4....5...8.13.......,
..3...2......74.5......5.3.67.51...921..6.......7..5..9....2........1...324....9.,
.....8.....4..5..215.32..98......7.....79.5.47....132......4.1.2.......3.....2.75,
9.5....7..37....52..2..389...1..7..44............4..3....85.3.....12...5..8...9..,
.1.68...77..91.42...8.34....4..6.73...1......3......91.7....96.......1...2.......,
..7.235...............7..9..43.6...95...3.2.882..5.64..........7.45.....2...873..,
.3.47.6....415.29.9...32.....7.1.35.45..9.............57....9...63......1...2.5..,
.....4.8.4..26....8.93.7..13....98...6.1..........2.....8.9...6..4....73..27.6...,
...3.68.......7..6.8..1274.72........15......8.3.......5...4.7.1..6....2.461.....,
7.2........4...6......9.8..3....7..8..8.52...57.....2.....45....5..86...2......9.,
9............8..69...4.91.3.34..2.9.2...........146.........31.86....4.....7.1..2,
..74....9...........45.871....2......59.4....6....58..5..1.2..49.18.725..........,
.7..3...5......7..5.....29...2.....635....97.7..6..352.....15...2......4.34.5..6.,
.......1.......4.88.4...359.95.41.7....2...9.......2.431...75...4..15...9..3.2...,
.3.9..8.......27..9...13............79..61......8...62...3.7..1.......7.....5.68.,
.2...4..14.61.......9.72..........5.5.7.4...2.9.....46..5.....79...2...418.....95,
.....3..8.36....1..9.......28.53..9...5.2.6.1.6............9..2...28....8..1.793.,
..95.32...18..9..4.2...6..........12................639..2.5....32.9.4...8531....,
..........4..871.98.....732...3.4..1...5...8.2.5.19..4......2.5...24......9..1...,
..15.4...8.............8..237..2.9....97......5.....7.9..38..5....4..89..3..92..1,
.5.......3.....9.47....6.5.52.....6........7....74.519..4......2.1..7..3....1.7..,
3...1762..4.........6...3.47.81...4......918........37......9.....63...287...2...,
..683.........73.2.8...9..51.....6....3.......69....5.9.7.1...3...2.59..8........,
...5.1.4.413.........8......7....8.2.91.2..37..4.....9...385.....7....1......4...,
....68..1......97....12....2.7..4....1.......6..21..5..2.....6.....9.417...8472..,
7......8.......5.9....5...3.42..1.....58....289...4.7...12.3...98..1.3.......5.1.,
....64....23.........21...99....6.455..1..63....57.9.....6..........317.4...91.6.,
.2......6..61...27.3.5...1......1.5.69...5.3.3....8.....2..9......2...959......61,
4.1..3..5.5.86..7.8.7..4..21.6.273..5......2.......5.1.....2.......4..6.....1.4.3,
8.......5.24....8.......3..683...2.11.....6.........582756.1.3.....83.1.....2456.,
8.....2....7..4.........1..4......2...5.7..3.2.6..5..7....67..4..43.8....1....85.,
.78.......4.....3...........6.3.5.8..2....3...57..4...6..4..72..9..3..68..4.27.5.,
..18.....5..3.148......53....65..81......7.....7.6..9..1..4...3...9..........8.7.,
..28.76...47.......5....4.........9....5.83...8.3.4576....8572........49...2..8..,
....5...4.43...5...5.....3....63...7.7.9.264......5..2.....7.91.913..45.....6.2..,
...4...6..6.....75.4.25...35.....9....1634....2....6.19.5...32.3...........7...9.,
...2.87.6...6....5..8...2..78........9..6....2.3.....7.4..7.5.8....42...35.....9.,
......8.3..9........2.3.9.1..46....9...15..6.3.1.2......6.....59...1...28....53..,
6...789......1......2...5........6.75......4.4..7.....7.1.5.4.99...6...1..59..8.2,
.8...4..2..5.6.....965..3....43.86...3.....1..5..418..82.6..95....4.......3......,
63...8.1......36...8.27....5.2..4.3.86.3....7.7...25.1...6.7....2....34........7.,
...3......62.5..9..75..1.4..2..........4...5...92...7.1.3.7..245.6.........51..3.,
....1.......9657.1..2...5.9..7.96.42.8....9......7.8...712....6.....7.5...6.4....,
3..46.2...5....13...7......86...3.4...4.2...1.3........7....6.2.....1.8.54....71.,
.4..193...61.2.....2.65.....9......25.........8....41...69.2.8.41.....3..3..4..5.,
2...8....3.9.5..265.693..........395......8.1.........9.3....7..2...3..8....712..,
.96....34..4978...72......1...............9.....241.8...13..642.....7...4.8......,
...85.........65.3.9.4...1.48.971............71.6..3....15...8..4.........8....95,
8..7...5............2....76........73.75.4.........4.9.6.32.9...259.....4.387...2,
679.8...5........9...........259....4..2....7.6.8....3.27....94.4.37...68...4..3.,
.....8..4..6...781...5...6....6.......8391...6.....517..1.3.....9......8...4..3..,
....913.87.3.6...4.1..7....4...........2.3..7......6..19....2..2.7..8..6.......9.,
.....61....84..6..6.32.1...94...2....5..1892..8........2....8.6.3....4..4......91,
.7....1..1...46..726...7.4.4.9.2...3....1..74.....8.....8..4...3.....6.....39....,
.3..6..2.4..39..5.58.1.......58.3....9..1......3.2.18.9..........6....45.586.....,
.4..1...2.6794..3...3.8......1.3.6..43.2....9..249..71....2.9...9.....4.........7,
.876..5....354...........7.5....4....1.........817.....75.36.9..6.....1..3..9..8.,
7....984...362.........49..438...2...2.........9..6.....2.......6..974..8...1...3,
...56....62...713.........276.9....1......39.3.....6.......3.28.957........2.....,
.32....4.6.14..73..9...5.....3.9.4....9....255....7.........6..74....9....6...352,
.....1..758.7.....29.......17...6.........8..6298....1.65..82.......419.....7...5,
......6.........79..8....418.4..6...1.....7..7.....134.5..79.....7.843564.6..3...,
.8..275.1.....1.2....4..........69.7.4.1..6......9.24.1...74...87.6.......29.5...,
.36.5..2.48.1.2........3.4.6.2..45833....1.......6......5....3.2..............169,
.5684.....2......9.8...2.5.9.8..12.33.2.....6...........5.3.......9.8....9415....,
....78...9.......716.3....2...4..76..3...91.....613.89.....12..8....7..64......1.,
5.......77..4.8.12..1......9.3......4......8....9...2..2.5.3.48...7.9.5.8.7..1..3,
.5..361............9315....5.63..9.2.49..8.5.8...296.....89.5.....4.........6..2.,
......97..3...6..2..9...6....56..1..9.....3..386...2..1.7..5...8..92..5..538.1...,
......8.1...1..9........36..5.4.87....8..........765.4.173.5....86.94.5.....1...7,
....5.8....8...645.......9...4.....61.....972....9..58....46...9.5.28..4.2.5..1..,
........6.4..9.73.......8....6....9.....2..1...1..832.6.97..1..48.61.....3..4....,
.87..6..3..9...5..5....1.4.3.864.........5....6.3.9...41..7...88.5.1.........3...,
.9...1.....7...2..6.13..9.........9.1.2.9.5.7..67..12...35...8..8....3..5.......1,
5..8..3...7.3...2...8..29......1..6..1.6.......2.5......5.8..7.1..7....67...9....,
.....1...3..76.92..5...23......18.327.9..68.........1....6.5.7.....8..........2.6,
...63...7.6...1.529.....3.....97.4.6.......1........79..5.......41..26......69...,
.8..7...9.......2..3.8.4...4..7.....8....9.....71.8..3....9.28......6.41..4...7..,
.........4..........956.....8..5..3.7.6.3...5...672.8.6.7.....22....386.34.9..5..,
..6...9....9..........3.8....5..8........6.5..429..6..8..2..73....6..59.5...73.8.,
.27....6.1..3.5.....4.....18.....4.3.4..7..2...5.3....6....8....1......2....21..7,
.6....7.......5.4..1.26.3...8...1.3...........71.8...45.8....1.....5..2.3..6.8...,
..6......2......4.......37.4.....63...86....75...2....8.5..742..2.85.1....34....5,
..5..19.8...4.5..7.....7.43...5.....3.1...4..7.9.......64.9.8..............67..31,
.......9....4281.3..3...8.43.8.49.5....3..2.86........89.1...6.4.....3......6...9,
.......6.....9..52...6753...9..3..74...........71.4..9.5..1.9......57.4341.9..72.,
..7...6.......2....9..5.....3..85.7...5..79...78..3...6.21.........2...685..9.1..,
.......43273..8.........2...584...3...1.7.98...75.31.......5....35.....11....9...,
...6.35..6...94.8.....8..9.3.74.........2.......37.9.59....7.23.....6...28.94.6..,
...8..3....8.......3.....7.4.3..1......6..9......5..1774.9...3...9.8.4651....3...,
..1...54..9.......7.....189.2.....17...1.4.68....9......2.7....9..56.8..45...96..,
75..69.....41...5.8...4.2.9...2.......9...8....5..8.9...6.1..28..7...6........1.5,
.7.....6.6.1.9...4.24.3..79....48.....7..24....3......7.6..12.....2.4..3......61.,
..6.9.1.5..4.1...65..7.2.....7...9...........4......32.2......41....3.6..69..4.5.,
.......14...8......4..51.....6....8...9.....2..27..64595..7.8.........716....82..,
......15..314.5...6....83.7..7....6...42..........3..8..3..6.7.46.......8.5.2...4,
6.3...4..8..49.7.6...23..8...5..........5........62.4.......86.3....5.2..7..4.9..,
........4..24..9137....2.5..3..7....59.1.34..2.7....8........4..7....5...5.8...32,
1......953....2.......51..78..5..1.4..9...7....7..392.....9.4.....238...9..1.7...,
.5.4..92.73.........2...8.5...3.....3....8..4..814.2..2..597...49......1.........,
512................6......317...95.839.8..16.6...1........7.......1...3.8..32.915,
..452..3.13.........7.6...9.7.9.....2...3....916..5..3.4...2..73......6...56.4...,
..8.......3..5..1.5......2...3284....9.....6.81..6....2..1..53.9..8..14....9.....,
..8...4..1....9....7...65...87.9...59.1.52..8......1.9.5.74....6.........4.......,
..7...8.5.6.3...2..4.81...31.3.2..4..2.....6..........83.167...7.64........5.....,
6..4.7.5..5.8...62.7...39........3......5....54.3........7...4..69..2..7..7....36,
.1...8.4.4.....2..587.9.....5..14.8...49......9......13......5.97..5.31..2.......,
.9...832...8..96...2.5.6..7.51.2..3..8.1.5...7......9...........6........1.7..2..,
.64......9..8.5....8.6....5.......27.7.38....3..5....6.27...49.......5.2...46....,
5..3..6..7....634..4...51.8..1........3...7.12...7..3...75......65.1.4.....4..2..,
.9..6.......1..8.....4.9.63...981..6........4..53.......46..7..98.74..1...6..5...,
.8.46..7.94..82..16....5...7.92...8..1.5..2..8.....7......16.........6.........92,
...3.4.......815.7.18.....6..69..1...7..1...539.........9...83.83...............4,
.5..43...........4..857....6..3.481.3..18.........6.....37....5..2........5..8462,
..9.........9...72412.5........49...1..8......8.51.6.....1...8.....62...6957.....,
.69.1..8..1..3.9.....7..6...93........1..3.277..58.1..........6...9.2...8...61...,
51..8.3....9..5..8..8.....74............3.9...3....1.69...1.7.3.643..89....5..6..,
8....1......52.3...9.3.8...91..5..7.23....51..4...........4....4..8.9.....1..3..2,
....2.........7..3...15..6.7..8.1....1.24..3.2........16.7..34..8.63.2.7.....5..6,
.....1..........6.......5877...2..1...5..98....8.1.3.2...57.....1..9....967.....3,
.5...9..3.745....96..4.2.........35......489.5.82.....4.2.......3.8.7......6.....,
.5.7.2..4........3.1..63.9...76..5...3.....2.9.......64.........93..4..1.21..9.5.,
.5...9...17....3....8..1..6.2...57....3.8.5197..........6.....22...6...8.1....9..,
...18.3.5....4..8...7563.4.3......1....8..5..5.26....32......6.16.3...........2.4,
......3....1..2.8.3...48...2...5.1..8..........6.7.85..645....7..8...5...5...36..,
37.15......9....3..6..7......4..69....15.....7...3....48.7....1........651.8..3..,
......5.......24.8....1...75.64.7...2...9....84..21....2....78.6.974...11....6.9.,
2....6.8..9.....2..8.....713.41.....7........1..679..391..826...............971..,
..892...6..94.6.37..6.7....56.............4.273..........7.4.83...5.....4.....25.,
.5.4...9.8..6.5..2....8..........1.4.97..8......12.....4.9.7.1.6.8....75.......2.,
...5.8..1.....7..8.1..2954....85.6..7.6.......2...4...28....459..........514.....,
...........142.9..5.6.8..4..7....58....9..7...14.....2..92...1......542.....7.6..,
....65.2..............4....61...74....94....7..56.19...7..9....5.4.7.6932.......5,
...3.796.4.....23..7..2.1...........3.4..162..26.83....68......7........1..8.2..3,
3...9..62.6......9..9...3..2.....43....6....883.1....6.4..5..8..9...32..1.5....4.,
.......6..........67...8..4.3..61.45..2.371.8..48.5...7...14..6.....6..1.5...3...,
...9...7.4.8.5...9......1..15.3.8.4..4...78.5...6.......7....8......6.5....13.4..,
74.2......2..953....9.....8.....7...5.....19.2........3.8..9541...........4..178.,
..8..4.9.....95..2...8...7.1.47......23....4.7...82..13...5.....75.3.9.........2.,
..1..3....9.1...6.3..87........5641.4...9.8..9.....53...8....4.5.37......7....1..,
3..57.......9.........4...11..........6.38.5....1..8.7.71..3.95.9.8..4..5.......6,
......4..2.85.4..6.9...6..8.5.....7....93.....8...2..9...673.......2..8.5.2.....3,
........115.....9...6..948......52...4.2..7...8........94.8..1....1.4...7..5....4,
8....43.91..53...25..87.14.75.38........5.9.....4...78..31.....4...2......7......,
......5..2..1.46..76..5..2........79.56....8....81............2.....9...1.7...4.5,
.......7..9..8.1........6.2..15.....7......1..3.1..58.9.36..2..1....39....6..285.,
.........5.62.....498.6....3......28..73..4..6.9..5....246.8..7.....983.....7...9,
....6....5..8.....87..914....34..5....5.87..3..6.3..894..31.......976.1..........,
5......24..84...7.2.9.53..1........5.....9...3.2..7.....7.918..9..8.2.......7.9..,
...94.....3...548...2...7.32.........95..8.2.38........17.....2..83.....9...54.7.,
...6.5....4..3..2.....4...7.1.5.......5.7.....76..94..421.5..795....1..6..39.....,
..3....9.....1..8.27....4...41..9...6.........82...6.74.9...........3.2....6.81..,
...9...1....2.7......8..5.24.....7.1.......8.2.1..8.549.4..3...7.5..284...259.3.7,
8..1..64.........2..163.7..4...9...819.28......2.......7.........374.12.......83.,
.1..72..352.49.7.....5......6.32....93...1....7..65.....9...5.7...6...3.15.......,
.83.4.2.1....6.7....72..6...2537.......5243.88........3....2.......1....162.3....,
.5.17.2..7.3.....58.4.2..6.....5..3.......7.6..1....4..4.78..5...7...1.23........,
...96..73.....7.....4.........1....5....943.....273.1...7..5.6..5.....912.1.....7,
....4....8.5.....7..2...8..5.36....42.638..5...7......3..45..8.7..26.4...2...1...,
..7...49..9.3.7..1.....8....13...2.442...58..7.8..4.5.....2.3.9.......82......5..,
9.28..........28..81.4..3.9....6..3.3..........6.5......3.....54....82..681..9...,
....1....5...8...9........821.5.....3.8..124.9....2.....5.69...8.4...3...2..4..91,
..8.23...14....9..3.9...82....645..........4.8.....1.2...48129......2......3...6.,
72....438.91..8.....4..7......9..5.......2..1.7.5..82.....1..59...425......8.97..,
...3....6......74.54........9...41.8.7.1.54.......35......6.8.3.13..8...6........,
.3...7.19..2.....847...12.......3.9..91.8.3......6...4.6..7..2.......7..98......1,
1..45......4.8..9...6.1.5..........5..2..46.........23.4.....1..9...1..856..2...4,
.3......9....87.1....1..5.43..7.29.8.9...3...2.1.4.3.......4.......79......85..72,
.7..396....9.814.5...5.67...94....3.3.5.....9.1.......7..6.....1............5..84,
...7...6....23.4.....6..732........43......16...1..82..87.4.....36......41..5.6.8,
........1538.2..9..7.3.52....2........7.92.85...57...2....17....1.95......94.3...,
3..8....9.94....678..........2....457..36.9..6..2......287....6.......2...7...4.8,
....7.........9...4..2....8..69..8.1..268..7.7...1.6.........2..9..6.....1.84..57,
......61.12..........8..9......7.89....21..4...9..4..7.4..3..282..1.7...3.7......,
...2....8....8.47....749...73.4..85.6...93.....9.....2.......6.9..5...47.....23..,
...5296.7....6.3.........9..6.1....2.2..74...1.....43.34.....1....352.7.......2..,
.46..8...2..9..5.......3...5..3..61..8.14...9...........8..2.....35.9.4...586....,
2.........78.6....6..7132..............5.6.9..2..9.67.....29.1.1.6.7...9.8......5,
.9.2...6.6.8...92....1.......79.823...........6.34...9....1..4.....273.......3.86,
..357..2...63...518....4.3..6......5..7.4..1225...8.6....1.......2.6...7.........,
..1....4.....5.679..52....1....2.4..29.3...........73...7.13...5..........257....,
......2..9...8.4...3.....9.4.8...9.....2..68..2..3..5.69.7.85...7..6.3......9...7,
.7.6......56.32.87..3.7......2145......8..51......7.........3.....4.382..8...14.5,
9.....4......58.96.5..9...2.2......9......3.88..6...7.2..3.....47...9....6...572.,
5.....7...9..12...6..97..51..3.2.5...........47...3.1..2....149..7.....6..6......,
....543....8.12..5...7..4.....5.....63..2....5.......1.8..7.2...1....6374........,
.2.89.36..3..7...25..6...783....72......6....19....5.......3...9.61.....2.....8..,
......1...4..832..5....97...79.....32.....5..43..9....7...54..8.84.3....3......7.,
....9....41.....5....7.56....2..3..7.47....36.639....49.6.2.4.....3......5..1....,
46..7.2.8....8...7.3.....5..5.8...2..4.1..5....13.5.......6...3..2..1.7........8.,
1.2......5...219.....9.6....3..1...8.8...9..6..5.3719............9.52.........76.,
.5....7.362.8......3.5.6.29...34......8..9...9.....5.43.......2.7.....4.....74..6,
6...8....95...42....851............9...4...1513.....2.261.5..3.84..........3.....,
2........5.3...2......8.......8...5.9..46.3.8.7...5..28.....4...4.7.38.93.9...6.5,
.3...4.1.68....2.....7.5..................86.3.6.1.5.....6.8..4..1..7.5.....4.3.2,
...1...7...5742.......5.3.2......1.7...2..5...1..74923.9....4....4.23..8..7..5...,
9.....5.22....34...57.....3..2......3.6......17....6.9....6..4....13...5.6.72.13.,
.....3.2.......5.86.485..7.....61....1.2....7...37...43..1..4.5.........7..54..8.,
.....4.6...5......12.......95.6....4....3.7....2..93..41.3.6.9.....17.......5..1.,
...6..1.4.3..7.9...........7.9......2.........1...723864..21..9....8.6.1...9...8.,
......6...54....39...937..4.86.....1....5..86......3.....78.......5.946...9.461..,
......1..5..1.......6..59....829.36..536.4....62..1.4....31..2...4...6.....9.8...,
3....8.5.279...8..4.8..9..1..2.....8..12..59........13..78.....8.....1.4...97....,
.321..5.8..5.46...9..2....6..6..3........2......49.........139...1..8..5.63.....2,
...7.1....59....13..85..........29.....134..5.43..7...83.....511......9.2..8.....,
2.41.5.6.9......52.1.....4....9............76.9.854...17.4........68........21...,
...1....8..63...4......27....1..........78.2..7...68.3.....3..2..3.4...9...9..6..,
3.........87.3.625.56.7..31..285...7.........175.2.....6.512......3......1346....,
5..4.......1...7.........2..24..3.69.....18.4.........1....6......9...4189.7..6..,
............659......8...67...58..7.21..9.5...3...2..9.9.3...8.5.....3..6...27..5,
.46..91..9........18.....4..3.982.1......7..427...1......3..2....9......8.7.14..6,
..1.9564..6....1.......43......5....6....9..83.56...1.5..7...6...7...........8..7,
76...8....94..7..3......6.2..3...1.....9.1..89......3..78.....1....4.....3..1..96,
6.2.....18..2....5.....17...9...8....4..7........9.25....61...2...45.9..4....76..,
..4..6.8........911.34.....4...59.1..........3.61.2..5..1..8.......9....2..64.5..,
........4..2..43.6....3..57.648.....5..2.......7.5......9.6....8.5.4..9.23..7....,
.......2...8..2..77...3865.......8.5........1.2.68..3.35..4..8...7...4..4.6.7...3,
.2.1.8.7...72....4.......9.9..4.23.647.3....1..................2....4.8...1...6.7,
.6.......9...51.....5.......5763.....4...8..1..35...7.7..98.1......7.63.........4,
......395...39.86.2...........53.9..5..2...1..1.64..2.64.........2...43....9....8,
46.1..9....5.6.37..8..5....1..5.....3......9....49.7.....3.1..9.....8.5.....7.6..,
.6..785..7..3...6....21...8...43...7..7.....48...5..23.5....8..6.4.......3.5.....,
...9......3....2..4...62.....16..8..9.4.3..7.78..9..3....14..........6.......81.4,
..9.3.....1...6.4...78....6.....3.6..3..6..1.......2..3.1.....4.62..8..9.9.2.1..8,
.4752...92....1.....3......6.53....73....2..1.1..6.3....915...45.......3.7.....9.,
...8.6.......7..9.....93...6.5.....743......2.9..48.65.7...4.....8..2.5.5.26....4,
.256.....8...3...4.6..4.1.5.8.......7.4.....3..6.....7..345...2.1.7.8........6...,
26..79.1....8..5.6..7........6...8.......1...4.9....61..4......8...2.79.5..9....8,
1.......2....5.9...92.3..4.7....5.9....9...7.6..4....1..1...7........1363...4..2.,
....8..........2....6.5..8..25.96....9.84.1..4.85.1.9...9..3862......3........41.,
6........9..4..87.....5........3..4.8..9....2.......3..8..642...9.72....57...9..6,
18..26.....945..2..42.91...........8.....7.1..2....79.8...1...4.....2.7......915.,
.46.2.5...75...93.1.......736.............2.6.......7..93.6.45..1..59........4..2,
.14.9.8...2...3..........91...8..9..7.3..9......2.1..6.........8.9...437......28.,
....3..........836..567..1...8....7.7.13..9...46...........4..18.4.5...35..8..6.7,
67.3.8..4...........5...2.81.......6..45.....362......43827.6.5..6...7.2...8...4.,
..........78......4..73.8.6.....1..2....8256...4....3.6.2....5...7.1.4..51.8.....,
....4..3.9.5..18..7..3....981......2...8.........57......7.8.....92.3..8..2..5.1.,
8...7..65..71....335..82..9.....13.2..57...812......9.7.8......1......7...9......,
....1.4.......2.5.....7.9..4671.......5.6..7.1.....28..4..9....9..7..8.....4.1..2,
..1......65..3.........758.4...5.....12......5.8326.1..4.58...638.2.1.....5......,
5..4...7.........3...978....4..59...1.....7......3.8.67.1....4...8.......3....568,
7.....982...8.5..4..9..71....5.614....2.....9...4...5.......297.9.2..51.........8,
..5...4.71..8....9.34..7......7...6.5.1..9........5..8..7....54..3....168..3.....,
...27.5...5.1.3.....74....9.31...89..7.......8.4....21..28......4.5.....79..4....,
..9..2.4.....1.8..672...9...9586.............7..5.....2...5......4.265...689.47..,
.........4.....8.........516..45.3..1.4....8....78.2..3....5..628..6.4.3..1..2...,
.15.....4..4..1.2572....8.....9....7....4....8..6...5..4.....7...8.6.9..6.9.5...1,
2.856............7.4.39......6...25.35....6.........79...8....3425...9....9......,
..8..52..........9..3....57....2.....597....8......9..3.64.98..4..2......2.8.64..,
.9..8.6......1..9...5....1...6........346.5..98.15.....32......5.16....3.6...84..,
...7.....4.6...5.......4....5.6...2..273...68..497.3..63....7.2..5..8....42...8..,
18..6.3..36.8....2...7......2......5.1.9...7....1389....9....8...6..7..9.....5...,
....3.721..2.....3.......4....3...7....7....26.......913.26.9.89...8..1.86...7...,
..3.5..7.89..24....5...9..41.....7....83...12.2...5..3......1.5............1..24.,
5....7.3..3..4..1.7..82......2...7..6.....15..8.....4..5....4.......16.3.7..3..8.,
2.7.....4.38...9.....7..8354........8...7.....2583...9..24....3.......9.14.......,
54.2.......9.342....751.9........3...9.....27.8.....14.7.....51.3.157..........8.,
.41.2.3........18........24......6..........9.23.6.41.26..5..9..158....6.8.....43,
3...98.....6435..9..5..6...7.4....35....5.17....9......316...8...9.7..6....1.....,
43.9................947.23...7.......9.....7..2.69.5..2.....1.5..176.3...5.2..64.,
...9.5...439.......5.4..8.3...51....682....31.91...4............46158......3.6..8,
.3..89257..2...39..........2.36...4..94.....3..7.....2.......8...9.687.5....3.6.9,
9........216...9...856....75.321........73..1..1...7........6.8...9..5..8.....27.,
......36.12...5......8.9...8.3.....6.9..5.1...5.....7.58.2.17...72.........3.....,
....5..2.....9...44....7...8..7....53.5...97.29..8.4.6....62....8.5.46..7..8.....,
..9..7...57.1.36...1....5..6..8.......8..1..993.5.6..17.59...8..2......3.........,
..5......7....12....2...81.1.8.42..75......42...7.3...27...4..34.93.7..1....2...8,
..71.5..66..39.4...2..7..317....4..95.2.......14....2..5............9.1...3..7..4,
..1....54.....6.7.4.....9.3.47........9.15..7.8.....1.3......619..6..8.......7...,
.3...........24...24...5..659.....1.......5.......8...3...86.9282.49...1..951.83.,
.781...4......2...59..6......9...47.61..85..2...9..........6..742......8.....9...,
..9.75......16....68...4......7.1.2.2.4...81.5...8..............9...2...172.9.48.,
..3.81.94...4......82..............5.3..7.2..19.8.............327..35..8.....91..,
..9..4..5.....79.3.7..93..14..................1.3.5.....56....223...17.9.4.5...3.,
.3...5..7..79.............8........9.4.8..62.36...........2.9...89.46..327..8..5.,
2...6..........4...67.54..2.......48......2......3..7.3...4812..4.5.738......65..,
.1.8563....63....29...2..5...24....................5...5.63..2.8..9..1......8..49,
.7.8.1....1.4.......5........65.4.8.1...6.5.4.2..3.76......34.883......5..7...3..,
1...5..42.6218.73...56....1.....658..1......4...........6.4.3.7.5...2....3.875...,
1....3..83...4.....8.5....38....5.....417..8...6....42.....4....5....61..6.32....,
239.......1..3......7.5....7.5.......2.37...6....4.7....19..5.49...65..16.......3,
......5.6.1......93.....8........3....2.37...5.12...9..6..731.......6..715..8.2..,
4...1...3....7..15.......9........4....53...215.74.....72.5.3..5631......1...7...,
..892..7.6...........8.65.9.9...7....3.....12.......353.6..1.2..8......11...5.3..,
..71.....1...5....3...94.7.4......3..12....6.......921...2.75.4..........3.4.971.,
....52..1.7..845....1.........6..7.352.7.........41.5....5.8...6......1...4.3....,
.2..31.6...3......8...5..24.4...8...5...2...6..846..5.3..7..58....6.........83...,
....52.67.6...3.49571..42.............96......3..71....1.......75..49..3.4......2,
.6.......2..5..68.....1..49.1.....9.64.....1...5...8..3....2.61...3......58.4.2..,
..3....7.6...5..9...7.4.......7.865..6.....89.8.36.41..3.....6897.........5......,
......9.6..4.9.....7.154..8.....8......54.......9721..28......11.54...974.....8..,
.....842..59.7...3.......7.9.....7.....2.5..1..5.4183.........8..8......431...59.,
.863.5..77.3...9................36...2.7...595...2....3.2..8.6....5......74.32...,
.752..84.83.7.5...9....31...........1.7.........8........42...7.8...7.5...9.182..,
.63....455..4.31....1.....8...3.2.......6.......1...2349......6...2.69...18.9..5.,
......56........92.....53.4..73.9....845.....965.7..........2.........49.98..2753,
.27..39....35.1......97.4.......237...........1...5..9.9...........8.7....2.3..81,
8..1...97...3..1....9.4.53......4..3..15729...5....4....2.53...9.....8..1..7.....,
.....72.162....5....7.......137..........39..4......6....3.94..1..5...3...562....,
.364...............4......32..73......712..4..1.....3.17...98.2..8..7.6...38...1.,
.6.7.....5....1.....265....2..5.37....4.72.........3.63.581.......4...8..47.3..1.,
7...9....5..37...9.8.2..1....2..451..5..1......45.........42....1..8..4.3.......8,
..3....7..4..632.5...9..6......925......8.9.......7.84..7.54.26...........8....3.,
.....2..59...187.....5........1769..........6..38......9....2..1.8..3.6..67..159.,
.6..1.5..8.45..16.....6.7...........4.9.3.......85.3..5...96.8.1.......7..348..1.,
....1..8.6.....12482....67...6....38.4..2.....7............89..29..4......3.92.46,
.7......5.....21.3...5468.........1.....6148....23......7.1....82...75..4.38..7..,
..6...214.2.7.....4.......8..1...3.5..2.5.6...7.....4.8...36.7......5.3.26....4..,
.7..6...8.....1.29..3......7.....9.664..92.31.9..3.......1.3......68.4...2.4..8..,
.....795.6..9..3.7.4..3.........4.6..2.35....39.8..5...6..8......56.2...7........,
9......72......1...1.23..4............4..1.9.2..69.5.7..5.7..2........39...1.64..,
..6.8.7...7.34...8.52.....44..9....3.3...5..........5....8...92...4...3.2...9....,
6..8..741.......3.25.4...................7...8...54..2..2..3.7..61..8.......4.35.,
.....59.19...7.8.......2.6..7.............1...2.....3.7...9...22.1..365.58..1...3,
....4....25....37..67..3.8.649.785......5......86..2.........5....32...9....94...,
.9..61......4...5.1...274.642....57...6...3..7.1........3...7..97...86.3.....5.4.,
......5.4.......8...6.72.3.6.......84875..6........72..68..4.9.7.9..58.2.3.......,
6.8.1.239....4...5..5.3..1.1.932............3...95.....8...54.1......6...6.1...2.,
93.2.18...7.........8.9........1.3.....6897..41...7..278........2..3....3.9...62.,
7.1..3..93..2.68..8.57......9.1..7.5....6.2..1..3...96.....8........9..3..7....2.,
5..92.6......4...2.4...8.5.3.5..1..9.2..6....49...3.8.8.....43...........3..1....,
..8..7....7.31.........2..4..5.4....234.81....1.9.3....2....35.7..2..1..1...79...,
....2...........4.615......5...64..7..951...2.2...7.6.4.3.5..211...3.9....2.7..3.,
.2..74...7...2....9.....2.8.935.......5.......7..9.3...8.23...1....48..5..41....7,
...5......17..3...9.........5.4..8.6......73..6.1.9.5.67.85.3....3...6...84..1...,
..93...1..7.6.......3.1..52..728...5.....1.3...89.326.....9.....5..7.3.........26,
7....4...........4.3.....2...2..7....5.9...3..6..4.7.2.267.14..1....9.6...352...7,
......925.........2..5...73......6.97..94..5....8.2.3...3.2..8..5.47.....9...8.47,
7...8.94...............6.3..8..7...43.75...6.42..9.5..8.......6..6.3.48........23,
...7....9.78.4......283..5...9..4....8.5.........2..7.3.69.....9...8.....5.6.24..,
6...987.1...2....8..8.5.9...935...6..6...9......3.1..7.8.7......2...3....5..2....,
1.4....3..687...1.2..........7.32.65....58....3...648..1......3425......8.....7..,
7.9..2....2.9..4.8.1.4.6..2.............6........14.37.7.8...2...2.9..4.3.1....9.,
..147....3....98.57...6...1..........1.5..........7..95...361..98...15...3...84.7,
......6..5.8......761..538....7.8.19.5.3.......2.................69.287..9.....53,
6....2....3.......8...5.6...2.5.....1472.35.6..8.4...7......271..641...8...8.....,
......7.99..5.1......6..58.....7....4..8...9.......2.4..7.....258.......6..25.1..,
.9....1...4....29..2.....3.6..29....31.4...8..7.81..4.....8..7....1..6..8...4..2.,
.....3....6.1....2.....97.42.........4.9.......67..9.8...37...1..9..2.....4...83.,
..3247..59....17...5......8.97.3.2..1.29....4.3...5.8....5...........3.....71....,
...7.3.....21...3.......2..5..4....8.8....3..9.1.3..7......4752..53...9.....184..,
.9..2..366...81...7.8..6.21.3.....1..7..4.3........49.........42...39......61..8.,
.54.1...61..632.4........21..635..7...78..312.....7.65.........3....8.....54.....,
..2.....76.4.83...8..1......6...794.9..31.87.......3......61.......4.2.....9.8.6.,
2.5...74...7.........5...1.1...6.28.74.92.....8...5.......1.42.47....1......4.567,
..4..328.8..6..1..9...27..6.7.....3..1..........4.8....9.......2...1...9....3.42.,
.25...3.8.1....7....6..4..2....2.1.4...7.1.23.........76.........218........56...,
.....95.2.192.4....4..8......8......3.......9475..81.....3.1..5..1..79..73.......,
....7.....1.6.8..49.51....8.8....7..6..........1.5....79.3.6.4..63.84........5...,
....8....96...........7..2.58..3...9.2.85......3........8.156.7..5..3.82..7.2.93.,
8..15...96..............21...4.3...595....46...8......5...8........6.1.2..1.49..3,
7..6.1.5..2....9....482..6.1..7.8..........94..........9.5......619...7.5..4.6.8.,
5...98.6..34...8.5........21.5.......6.4.95.1.8.........21.....34...2.9.8........,
...8.2..3..7.4.61.....6....53....84..4.7...2...6.3.....5.3....2......165.1...8...,
67....95...1..8...8.......4...5.....9..2645..2.489.......94.8.........7.14......6,
...2...8....61......4.......3.52...1..5..1.27..68...5..571.2.64.8..5..124...3....,
...12...96....3..25.......1...9.4.......58...2...6.....3..86....2....658.9....3..,
.56....13...1.7.8......36.76.3......8.....2...79.......3.91...819.53......8......,
.3286.....8..9...341......8..6..482......71....82.6.4.2..........9...61.....2.7..,
6....14...7....9...5.4...1.......6.7....5.8...4.........89.5..6..6.74.....586..73,
8..421..61.7.....8....5..3...3.186.5........24...6..1.....8......26......7.3.2..1,
.7..6.....687.......2..4..318....6.....415.....4....5....6.......73.2...8...4..25,
.....2.7....6...54........9....234..9.4..8.256....5.....7....4.385....96..68..3..,
.7....42....2...69.5..3...........1...47..6..2.....5.4..3.1....1...4....6.....97.,
....19.62.1..7.4.8.7...85..1..9...2......6...4.........4.5.....5...2.9..2..4..6.1,
..6.....4.5..6....1..7..2..82....4.9....9......46..78..81...52..7..8..........94.,
....2.....8..5....4.......1...6.43..3.5.8...2.6.....1.2.....8.3..936.52.5.3..8...,
..9..56..3...1....25..94.73...2...9.52.4......175...6.793.......4.9...2......7...,
...6...1.3......587...1..3...5.32.....8...72....8.46....2548.....7.....25........,
.....6.4.96....2..1.829..7..5..1..8..9....7.......7..2425..81......74......9.....,
126...35..4......2...3..9...6.........7.4.12........4....5.17..2......6.931......,
.91.45..78.57..........9...1.3..8.49....6.......1.785..........347....859..3.4...,
.............7..5.....19....4..5..93..146......6...14...8..6.17.7.54...8.3.1..9..,
..36..5.........98..2..9.....1.3.7.5.287..1...6...5.2..3.8612.....5.2......3.....,
3...4.2.19......7...7.....3...3.....61.....2..54.........2..5.9.9.1.3....7.6.91.4,
..8....7..14..2..8.5.3.....3..4....2....71....7........9.....2.....5.381..2..4.5.,
.3...4..1..4...7.81.9..7.5...1.58............587.9.1.....83.9..2.5.79........1...,
.35.97...........9.1.8...3..9..4..65......87.5....1.9...8.3.6.1.69...4....4......,
23.1.8.79..63..8....1.7.........1..2.....3....42....9.7.4......3...9.6.7.6...41..,
...79.....714...5..3..26.....5.4..2112......7..96....3...279.............5.1.3.7.,
......1.....1.8..43...4...8...42.......69...54.58...2.5..9...4.8....391.2.1......,
6.37.9.......4....847..3.........8...6.5..9..93...2..4...45..2...4...3...2.8.7.9.,
...9..2.6..61.....2...5.....9.5..3..5..4.296..3.6..7....3791...9.5.......1......2,
..7.4..29.........4..276...9..8..56.5..9.728..4..6.....5..83.........39.7..6.2...,
.....57...5....9.....7..........8....923....6.8..965..9.1....7..7.6..38.83.1.7.5.,
34...1...2.........5...94...24.3....9........163........8.4..36...9.812.5..3...9.,
63...4....4..6.1....7.........92.4..2..43.9.61.....3.2..8...2.....7.8...7.6.4....,
......1.....49.....3.....5.8...2..469..3....1.....89.26435.....1.8..92...9..8...5,
...9.428...523.6...4..5..3......5..6...7.......34...9..2.8.9....67.....8.8.3....4,
..3.....4.16.8.7.....72....7......3...42.5..662....1........5...8.4...........623,
..3..98.49.13...7....8.....6...9.............128..7...74...6.93.6.2...8.....3....,
......37.27.1....44...98.51.39.....2.2.4.9.1...4.5.................8.93.8.2.....5,
.....6.19.4.....8....1..25.4..7..6....29.8..5.7......886.......5.7...4.1....6....,
..6....2.9.8.6.354..1....691...46.......35......9.84..6..3.4.128.5.91............,
.3...1.....92.5..64...6....1.23.......36.2...59.........1.4......5....23......8..,
..8.4.......352........81.572......4.4.......3..8...7....1...2..8....39...1..5.4.,
..3...8..4..2.5...29.8..14.128..4..79..7......7......3..1....7.3.....4.1.4....52.,
..62.........54...1.....72.......871.75.4.6.....8.....95...8......9.51.8....2...4,
1.8..7.........34....96.2.......8.1........7....2.94..7...8..9..893....46.4....2.,
.8...42.........1.3..5.9...4...6....928......5..23..41..31...65...3....2.5......8,
..4.6.9.8.5.....6.......15.....1....2...4...1.8.5...2.......58..6..9...7.197.86..,
..4.3..1.5.9..2..62....1..4...3......7....3..34...517....2..........4.65....6....,
..1.8.6.5.....1.....7562..8.2..48..1..8...326.......5....8..7...1...7.....62.....,
..2.9..7.......3...4....2....6..3......9.5......78.9...356..4...273...8..64.27...,
.6...159........8.79...43...3...8.561..5.3.79..7.1.83...4........9.7.....1.......,
...3.69..6....1.324..85....8.694...1.156........1.8......5....9......25......438.,
.1.8.9..5..3.5..4...8.6.....3...4.8......74.95..3..........3..4...615.....9......,
14.5..8.9.6..7..43..93...1..1..97......8.....7....1.64.....65.......5.37...9.....,
..9......2..8......75...9...9...17..8.1...5...3.....4..4.1.....3.72.54..9..3..2..,
.3.29.15...8.4.9......1583.......4836.......1.8............3...49....56..61......,
....1.3....8.2..7...96.3..56...7.............15....8...923....7...2...6..7....51.,
.8256..1..432..5...6..14....31.5.2.8.24...1.6.5......9...............8...1.92....,
8...4...1...61....4..........438.2..2.8...3.5..6.5...8....6.47......75....3..2...,
.6....4...1.76...........83......174.........6.3.1.8.2.2417..5.8..5........8....1,
....7.......251.36.....371.............582...98..1...26......212....7859...9.....,